Data;20539 - Saldo da carteira de crédito - Total - R$ (milhões)
06/1988;0
07/1988;0
08/1988;0
09/1988;0
10/1988;0
11/1988;0
12/1988;0
01/1989;0
02/1989;0
03/1989;0
04/1989;0
05/1989;0
06/1989;0
07/1989;0
08/1989;0
09/1989;0
10/1989;0
11/1989;0
12/1989;0
01/1990;1
02/1990;1
03/1990;2
04/1990;2
05/1990;2
06/1990;3
07/1990;3
08/1990;3
09/1990;4
10/1990;4
11/1990;5
12/1990;6
01/1991;7
02/1991;8
03/1991;9
04/1991;10
05/1991;11
06/1991;12
07/1991;13
08/1991;15
09/1991;18
10/1991;22
11/1991;28
12/1991;35
01/1992;45
02/1992;56
03/1992;69
04/1992;84
05/1992;103
06/1992;131
07/1992;162
08/1992;202
09/1992;255
10/1992;322
11/1992;409
12/1992;523
01/1993;659
02/1993;843
03/1993;1.067
04/1993;1.386
05/1993;1.838
06/1993;2.411
07/1993;3.215
08/1993;4.348
09/1993;5.907
10/1993;8.288
11/1993;11.427
12/1993;15.789
01/1994;22.015
02/1994;31.619
03/1994;45.129
04/1994;63.896
05/1994;94.895
06/1994;140.753
07/1994;151.410
08/1994;161.528
09/1994;170.178
10/1994;177.727
11/1994;183.928
12/1994;186.856
01/1995;193.123
02/1995;200.569
03/1995;207.983
04/1995;215.147
05/1995;221.882
06/1995;226.148
07/1995;223.165
08/1995;224.534
09/1995;229.352
10/1995;233.029
11/1995;237.909
12/1995;238.644
01/1996;237.355
02/1996;240.545
03/1996;244.550
04/1996;245.389
05/1996;246.296
06/1996;247.998
07/1996;248.124
08/1996;247.309
09/1996;248.882
10/1996;252.646
11/1996;251.760
12/1996;252.507
01/1997;254.729
02/1997;257.380
03/1997;259.971
04/1997;263.138
05/1997;267.567
06/1997;272.685
07/1997;276.711
08/1997;281.114
09/1997;285.783
10/1997;290.084
11/1997;292.603
12/1997;259.689
01/1998;259.247
02/1998;264.561
03/1998;264.251
04/1998;266.188
05/1998;268.014
06/1998;267.094
07/1998;266.781
08/1998;268.189
09/1998;271.290
10/1998;271.372
11/1998;278.754
12/1998;276.888
01/1999;285.572
02/1999;288.519
03/1999;281.128
04/1999;278.607
05/1999;280.168
06/1999;280.154
07/1999;282.091
08/1999;284.365
09/1999;287.791
10/1999;292.800
11/1999;295.824
12/1999;288.505
01/2000;289.197
02/2000;287.573
03/2000;286.084
04/2000;291.609
05/2000;312.232
06/2000;307.011
07/2000;309.905
08/2000;310.257
09/2000;308.673
10/2000;312.895
11/2000;320.782
12/2000;326.826
01/2001;326.686
02/2001;335.278
03/2001;343.913
04/2001;349.563
05/2001;355.931
06/2001;319.496
07/2001;324.558
08/2001;332.145
09/2001;340.660
10/2001;343.567
11/2001;345.008
12/2001;336.376
01/2002;337.735
02/2002;340.040
03/2002;341.234
04/2002;344.649
05/2002;349.678
06/2002;357.544
07/2002;364.476
08/2002;359.768
09/2002;381.788
10/2002;378.612
11/2002;381.846
12/2002;384.396
01/2003;384.508
02/2003;388.320
03/2003;386.969
04/2003;383.307
05/2003;386.300
06/2003;388.582
07/2003;389.881
08/2003;392.427
09/2003;397.523
10/2003;403.151
11/2003;413.115
12/2003;418.258
01/2004;417.770
02/2004;420.849
03/2004;423.347
04/2004;435.554
05/2004;445.864
06/2004;452.933
07/2004;457.302
08/2004;464.457
09/2004;473.707
10/2004;487.245
11/2004;493.284
12/2004;498.722
01/2005;505.701
02/2005;511.638
03/2005;520.285
04/2005;530.000
05/2005;533.930
06/2005;541.320
07/2005;548.819
08/2005;557.835
09/2005;564.357
10/2005;575.972
11/2005;590.126
12/2005;607.023
01/2006;608.729
02/2006;615.673
03/2006;625.790
04/2006;637.440
05/2006;654.129
06/2006;658.510
07/2006;669.514
08/2006;674.302
09/2006;684.392
10/2006;697.581
11/2006;717.045
12/2006;732.590
01/2007;738.456
02/2007;748.518
03/2007;762.353
04/2007;781.888
05/2007;793.133
06/2007;805.488
07/2007;824.442
08/2007;849.829
09/2007;865.511
10/2007;889.035
11/2007;918.815
12/2007;943.922
01/2008;953.413
02/2008;967.443
03/2008;1.001.598
04/2008;1.026.847
05/2008;1.053.889
06/2008;1.076.833
07/2008;1.094.368
08/2008;1.119.457
09/2008;1.160.687
10/2008;1.193.073
11/2008;1.215.779
12/2008;1.233.987
01/2009;1.235.244
02/2009;1.234.825
03/2009;1.248.303
04/2009;1.254.564
05/2009;1.266.918
06/2009;1.282.923
07/2009;1.313.534
08/2009;1.333.320
09/2009;1.353.111
10/2009;1.372.244
11/2009;1.392.918
12/2009;1.420.515
01/2010;1.430.550
02/2010;1.441.519
03/2010;1.458.091
04/2010;1.474.310
05/2010;1.505.517
06/2010;1.536.422
07/2010;1.556.280
08/2010;1.589.856
09/2010;1.621.541
10/2010;1.651.813
11/2010;1.685.712
12/2010;1.712.708
01/2011;1.718.711
02/2011;1.741.509
03/2011;1.759.678
04/2011;1.783.487
05/2011;1.812.128
06/2011;1.840.157
07/2011;1.861.598
08/2011;1.894.713
09/2011;1.935.781
10/2011;1.950.658
11/2011;1.988.613
12/2011;2.033.954
01/2012;2.033.185
02/2012;2.041.040
03/2012;2.078.912
04/2012;2.106.585
05/2012;2.142.061
06/2012;2.175.135
07/2012;2.192.888
08/2012;2.219.866
09/2012;2.244.474
10/2012;2.276.286
11/2012;2.310.841
12/2012;2.368.338
01/2013;2.369.367
02/2013;2.386.809
03/2013;2.430.295
04/2013;2.452.502
05/2013;2.490.697
06/2013;2.535.007
07/2013;2.548.584
08/2013;2.581.362
09/2013;2.600.691
10/2013;2.607.807
11/2013;2.650.448
12/2013;2.710.771
01/2014;2.714.427
02/2014;2.725.695
03/2014;2.752.309
04/2014;2.771.347
05/2014;2.798.043
06/2014;2.824.658
07/2014;2.830.870
08/2014;2.857.749
09/2014;2.896.550
10/2014;2.919.585
11/2014;2.956.788
12/2014;3.017.614
01/2015;3.021.728
02/2015;3.033.738
03/2015;3.070.866
04/2015;3.070.369
05/2015;3.091.432
06/2015;3.108.995
07/2015;3.118.097
08/2015;3.142.924
09/2015;3.172.985
10/2015;3.165.658
11/2015;3.185.470
12/2015;3.228.530
01/2016;3.207.025
02/2016;3.191.152
03/2016;3.169.659
04/2016;3.149.609
05/2016;3.156.260
06/2016;3.138.980
07/2016;3.125.455
08/2016;3.124.633
09/2016;3.121.068
10/2016;3.104.644
11/2016;3.113.774
12/2016;3.116.780
01/2017;3.085.111
02/2017;3.082.132
03/2017;3.089.526
04/2017;3.081.488
05/2017;3.075.475
06/2017;3.088.141
07/2017;3.062.988
08/2017;3.061.725
09/2017;3.061.845
10/2017;3.066.751
11/2017;3.078.605
12/2017;3.103.339
01/2018;3.076.843
02/2018;3.070.208
03/2018;3.090.092
04/2018;3.099.540
05/2018;3.113.095
06/2018;3.134.300
07/2018;3.129.787
08/2018;3.161.546
09/2018;3.176.862
10/2018;3.172.201
11/2018;3.210.680
12/2018;3.263.335
01/2019;3.235.610
02/2019;3.246.698
03/2019;3.272.242
04/2019;3.271.867
05/2019;3.291.074
06/2019;3.301.500
07/2019;3.296.089
08/2019;3.332.876
09/2019;3.368.627
10/2019;3.380.207
11/2019;3.423.180
12/2019;3.475.816
01/2020;3.465.204
02/2020;3.484.597
03/2020;3.583.277
04/2020;3.584.114
05/2020;3.596.217
06/2020;3.623.349
07/2020;3.670.793
08/2020;3.742.633
09/2020;3.821.510
10/2020;3.879.416
11/2020;3.957.987
12/2020;4.021.333
01/2021;4.018.486
02/2021;4.045.800
03/2021;4.106.923
04/2021;4.127.515
05/2021;4.177.240
06/2021;4.214.012
07/2021;4.271.865
08/2021;4.346.060
09/2021;4.441.056
10/2021;4.511.956
11/2021;4.597.507
12/2021;4.682.852
01/2022;4.682.131
02/2022;4.727.818
03/2022;4.794.583
04/2022;4.833.732
05/2022;4.889.397
06/2022;4.965.603
07/2022;4.999.244
08/2022;5.072.711
09/2022;5.164.775
10/2022;5.215.990
11/2022;5.285.657
12/2022;5.366.069
01/2023;5.373.231
02/2023;5.370.950
03/2023;5.424.811
04/2023;5.426.307
05/2023;5.453.708
06/2023;5.479.459
07/2023;5.484.871
08/2023;5.559.063
09/2023;5.625.945
10/2023;5.653.808
11/2023;5.711.103
12/2023;5.805.157
01/2024;5.794.707
02/2024;5.815.954
03/2024;5.899.742
04/2024;5.915.538
05/2024;5.953.960
06/2024;6.041.898
07/2024;6.069.205
08/2024;6.135.298
09/2024;6.216.528
10/2024;6.275.117
11/2024;6.365.690
12/2024;6.464.602
01/2025;6.465.016
02/2025;6.511.444
03/2025;6.576.464
04/2025;6.623.948
05/2025;6.666.287
06/2025;6.703.663
07/2025;6.733.209
08/2025;6.774.436
09/2025;6.852.705
10/2025;6.923.886
11/2025;7.003.273
12/2025;7.136.436
01/2026;7.130.500
02/2026;7.156.987
03/2026;7.240.551
04/2026;7.259.769
05/2026;7.303.618
06/2026;7.355.800
Fonte;BCB-DSTAT
