Data;29034 - Comprometimento de renda das famílias com o serviço da dívida com o Sistema Financeiro Nacional - Com ajuste sazonal (RNDBF) - %;29035 - Comprometimento de renda das famílias com o serviço da dívida com o Sistema Financeiro Nacional exceto crédito habitacional - Com ajuste sazonal (RNDBF) - %;29264 - Comprometimento de renda das famílias com juros da dívida com o Sistema Financeiro Nacional - Sem ajuste sazonal (RNDBF) - %
08/2010;23,13 ;22,43 ;6,99
09/2010;23,23 ;22,54 ;7,04
10/2010;23,18 ;22,49 ;7,12
11/2010;23,54 ;22,82 ;7,21
12/2010;23,96 ;23,17 ;7,12
01/2011;24,19 ;23,40 ;7,17
02/2011;23,96 ;23,16 ;7,25
03/2011;23,92 ;23,03 ;7,57
04/2011;23,84 ;22,82 ;7,71
05/2011;23,77 ;22,68 ;7,77
06/2011;23,58 ;22,45 ;7,60
07/2011;23,49 ;22,38 ;7,37
08/2011;23,70 ;22,46 ;7,34
09/2011;24,20 ;22,99 ;7,51
10/2011;24,67 ;23,44 ;7,81
11/2011;24,62 ;23,35 ;7,77
12/2011;24,58 ;23,27 ;7,57
01/2012;24,54 ;23,20 ;7,52
02/2012;24,49 ;23,15 ;7,61
03/2012;24,54 ;23,22 ;7,92
04/2012;24,47 ;23,12 ;8,00
05/2012;24,53 ;23,19 ;8,03
06/2012;24,38 ;23,05 ;7,82
07/2012;24,09 ;22,78 ;7,50
08/2012;23,80 ;22,36 ;7,29
09/2012;23,59 ;22,22 ;7,18
10/2012;23,44 ;22,07 ;7,17
11/2012;23,46 ;22,04 ;7,05
12/2012;23,47 ;22,02 ;6,83
01/2013;23,15 ;21,73 ;6,76
02/2013;23,09 ;21,61 ;6,81
03/2013;22,89 ;21,40 ;6,97
04/2013;22,75 ;21,26 ;7,01
05/2013;22,33 ;20,90 ;6,90
06/2013;22,21 ;20,76 ;6,73
07/2013;22,18 ;20,72 ;6,56
08/2013;22,24 ;20,76 ;6,51
09/2013;22,31 ;20,80 ;6,51
10/2013;22,30 ;20,76 ;6,57
11/2013;22,44 ;20,87 ;6,54
12/2013;22,68 ;21,05 ;6,44
01/2014;22,59 ;20,97 ;6,46
02/2014;22,58 ;20,92 ;6,62
03/2014;22,48 ;20,85 ;6,96
04/2014;22,60 ;20,94 ;7,14
05/2014;22,71 ;21,03 ;7,21
06/2014;22,78 ;21,08 ;7,19
07/2014;22,83 ;21,11 ;7,08
08/2014;22,67 ;20,95 ;6,99
09/2014;22,70 ;20,92 ;6,94
10/2014;22,72 ;20,93 ;7,04
11/2014;23,11 ;21,27 ;7,06
12/2014;23,48 ;21,57 ;7,03
01/2015;23,92 ;21,96 ;7,24
02/2015;24,08 ;22,07 ;7,55
03/2015;24,02 ;22,02 ;7,96
04/2015;24,18 ;22,15 ;8,20
05/2015;24,18 ;22,14 ;8,27
06/2015;24,29 ;22,24 ;8,29
07/2015;24,30 ;22,27 ;8,24
08/2015;24,37 ;22,33 ;8,30
09/2015;24,61 ;22,49 ;8,46
10/2015;24,22 ;22,12 ;8,45
11/2015;23,75 ;21,68 ;8,15
12/2015;22,99 ;20,98 ;7,63
01/2016;23,26 ;21,24 ;7,81
02/2016;23,37 ;21,35 ;8,12
03/2016;23,65 ;21,56 ;8,81
04/2016;23,70 ;21,58 ;8,94
05/2016;23,97 ;21,86 ;9,10
06/2016;24,04 ;21,90 ;9,02
07/2016;23,84 ;21,80 ;8,79
08/2016;23,79 ;21,75 ;8,71
09/2016;23,81 ;21,66 ;8,73
10/2016;23,74 ;21,62 ;8,77
11/2016;23,57 ;21,46 ;8,48
12/2016;23,22 ;21,13 ;7,96
01/2017;23,15 ;21,06 ;7,99
02/2017;22,96 ;20,83 ;8,25
03/2017;22,93 ;20,81 ;8,83
04/2017;22,54 ;20,46 ;8,73
05/2017;22,18 ;20,13 ;8,51
06/2017;22,17 ;20,08 ;8,23
07/2017;22,35 ;20,41 ;8,07
08/2017;22,66 ;20,69 ;8,12
09/2017;22,78 ;20,59 ;8,10
10/2017;22,56 ;20,42 ;8,05
11/2017;22,34 ;20,23 ;7,72
12/2017;22,09 ;19,99 ;7,23
01/2018;21,94 ;19,86 ;7,24
02/2018;21,89 ;19,77 ;7,53
03/2018;21,99 ;19,87 ;8,15
04/2018;22,25 ;20,11 ;8,35
05/2018;22,48 ;20,37 ;8,36
06/2018;22,86 ;20,71 ;8,17
07/2018;22,40 ;20,50 ;7,76
08/2018;22,10 ;20,21 ;7,55
09/2018;22,16 ;20,03 ;7,51
10/2018;22,16 ;20,05 ;7,60
11/2018;22,31 ;20,21 ;7,48
12/2018;22,58 ;20,52 ;7,16
01/2019;22,75 ;20,67 ;7,28
02/2019;22,96 ;20,85 ;7,64
03/2019;22,96 ;20,89 ;8,28
04/2019;23,50 ;21,34 ;8,53
05/2019;23,85 ;21,74 ;8,61
06/2019;25,13 ;22,97 ;8,75
07/2019;24,69 ;22,78 ;8,34
08/2019;24,73 ;22,80 ;8,28
09/2019;23,91 ;21,79 ;7,99
10/2019;23,53 ;21,46 ;8,03
11/2019;22,99 ;20,99 ;7,77
12/2019;22,65 ;20,74 ;7,21
01/2020;22,59 ;20,63 ;7,21
02/2020;22,64 ;20,76 ;7,39
03/2020;23,71 ;21,72 ;8,25
04/2020;23,25 ;21,17 ;8,19
05/2020;21,83 ;19,91 ;7,70
06/2020;20,54 ;18,74 ;6,99
07/2020;19,92 ;18,22 ;6,52
08/2020;19,77 ;18,09 ;6,39
09/2020;20,03 ;18,11 ;6,49
10/2020;20,45 ;18,48 ;6,73
11/2020;21,25 ;19,25 ;6,90
12/2020;21,84 ;19,91 ;6,62
01/2021;22,17 ;20,12 ;6,78
02/2021;21,97 ;19,97 ;6,95
03/2021;22,32 ;20,29 ;7,56
04/2021;22,39 ;20,26 ;7,54
05/2021;22,78 ;20,74 ;7,56
06/2021;22,96 ;20,98 ;7,26
07/2021;23,27 ;21,34 ;7,01
08/2021;23,63 ;21,73 ;7,11
09/2021;24,51 ;22,39 ;7,57
10/2021;25,15 ;22,98 ;8,07
11/2021;25,45 ;23,32 ;8,20
12/2021;25,58 ;23,53 ;7,84
01/2022;26,02 ;23,87 ;8,08
02/2022;25,65 ;23,61 ;8,24
03/2022;25,40 ;23,40 ;8,72
04/2022;25,60 ;23,54 ;8,70
05/2022;25,45 ;23,49 ;8,52
06/2022;25,96 ;24,05 ;8,42
07/2022;26,50 ;24,55 ;8,36
08/2022;26,91 ;24,98 ;8,60
09/2022;27,17 ;25,15 ;8,99
10/2022;27,21 ;25,18 ;9,38
11/2022;27,32 ;25,31 ;9,44
12/2022;27,57 ;25,48 ;9,00
01/2023;27,67 ;25,56 ;9,12
02/2023;27,69 ;25,63 ;9,37
03/2023;27,71 ;25,64 ;9,95
04/2023;27,81 ;25,71 ;9,96
05/2023;27,96 ;25,85 ;9,96
06/2023;27,78 ;25,73 ;9,65
07/2023;27,33 ;25,30 ;9,18
08/2023;26,89 ;24,89 ;9,06
09/2023;26,78 ;24,72 ;9,34
10/2023;26,79 ;24,70 ;9,69
11/2023;26,49 ;24,42 ;9,50
12/2023;25,84 ;23,66 ;8,69
01/2024;25,72 ;23,60 ;8,71
02/2024;25,83 ;23,78 ;8,88
03/2024;26,13 ;24,01 ;9,54
04/2024;26,13 ;24,01 ;9,38
05/2024;26,02 ;23,91 ;9,25
06/2024;26,38 ;24,34 ;9,10
07/2024;26,53 ;24,47 ;8,87
08/2024;26,73 ;24,64 ;8,99
09/2024;26,49 ;24,39 ;9,24
10/2024;26,39 ;24,28 ;9,52
11/2024;26,39 ;24,28 ;9,40
12/2024;26,80 ;24,49 ;8,95
01/2025;26,71 ;24,49 ;9,07
02/2025;26,85 ;24,62 ;9,34
03/2025;26,96 ;24,76 ;10,06
04/2025;27,12 ;24,91 ;10,06
05/2025;27,19 ;24,99 ;10,04
06/2025;27,17 ;25,09 ;9,83
07/2025;27,32 ;25,19 ;9,63
08/2025;27,55 ;25,41 ;9,83
09/2025;27,77 ;25,55 ;10,24
10/2025;27,92 ;25,68 ;10,66
11/2025;27,92 ;25,68 ;10,51
12/2025;28,12 ;25,75 ;10,00
01/2026;28,26 ;25,93 ;10,19
02/2026;28,30 ;25,99 ;10,47
03/2026;28,21 ;25,92 ;11,03
04/2026;28,36 ;26,06 ;10,99
05/2026;28,48 ;26,18 ;10,92
Fonte;BCB-DSTAT;BCB-DSTAT;BCB-DSTAT
