Data;21084 - Inadimplência da carteira de crédito - Pessoas físicas - Total - %;21112 - Inadimplência da carteira de crédito com recursos livres - Pessoas físicas - Total - %;21113 - Inadimplência da carteira de crédito com recursos livres - Pessoas físicas - Cheque especial - %;21114 - Inadimplência da carteira de crédito com recursos livres - Pessoas físicas - Crédito pessoal não consignado total - %;21115 - Inadimplência da carteira de crédito com recursos livres - Pessoas físicas - Crédito pessoal não consignado vinculado à composição de dívidas - %;21116 - Inadimplência da carteira de crédito com recursos livres - Pessoas físicas - Crédito pessoal consignado para trabalhadores do setor privado - %;29991 - Inadimplência da carteira de crédito com recursos livres - Pessoas físicas - Crédito pessoal não consignado com garantias reais - %;29992 - Inadimplência da carteira de crédito com recursos livres - Pessoas físicas - Crédito pessoal não consignado sem garantias reais - %
03/2011;4,62 ;5,54 ;10,82 ;6,90 ;17,04 ;4,74 ;-;-
04/2011;4,67 ;5,68 ;10,97 ;7,09 ;17,13 ;4,74 ;-;-
05/2011;4,82 ;5,88 ;10,95 ;7,44 ;16,82 ;4,78 ;-;-
06/2011;4,79 ;5,93 ;10,84 ;7,38 ;16,60 ;4,85 ;-;-
07/2011;4,90 ;6,13 ;11,60 ;7,62 ;16,28 ;4,94 ;-;-
08/2011;4,97 ;6,31 ;12,35 ;7,92 ;16,90 ;4,86 ;-;-
09/2011;5,03 ;6,39 ;12,36 ;8,04 ;17,00 ;5,15 ;-;-
10/2011;5,17 ;6,53 ;12,32 ;8,26 ;17,43 ;5,40 ;-;-
11/2011;5,22 ;6,65 ;12,31 ;8,38 ;18,01 ;5,60 ;-;-
12/2011;5,22 ;6,72 ;13,56 ;8,51 ;18,40 ;5,67 ;-;-
01/2012;5,36 ;6,94 ;13,27 ;8,77 ;19,15 ;5,71 ;-;-
02/2012;5,40 ;7,00 ;12,45 ;8,62 ;19,34 ;5,63 ;-;-
03/2012;5,36 ;6,96 ;13,03 ;8,00 ;19,34 ;5,68 ;-;-
04/2012;5,41 ;7,06 ;12,68 ;8,24 ;19,23 ;5,70 ;-;-
05/2012;5,51 ;7,20 ;13,62 ;8,65 ;18,92 ;5,53 ;-;-
06/2012;5,43 ;7,15 ;13,53 ;8,73 ;18,45 ;5,32 ;-;-
07/2012;5,42 ;7,17 ;13,41 ;9,08 ;18,92 ;5,07 ;-;-
08/2012;5,40 ;7,18 ;14,40 ;9,30 ;18,86 ;5,25 ;-;-
09/2012;5,41 ;7,20 ;14,13 ;9,19 ;18,74 ;5,32 ;-;-
10/2012;5,34 ;7,13 ;13,83 ;8,86 ;19,71 ;5,47 ;-;-
11/2012;5,21 ;6,97 ;13,69 ;8,80 ;20,08 ;5,49 ;-;-
12/2012;5,10 ;6,90 ;15,68 ;8,95 ;20,71 ;5,66 ;-;-
01/2013;5,04 ;6,82 ;15,75 ;8,89 ;21,14 ;5,68 ;-;-
02/2013;5,00 ;6,72 ;14,33 ;8,59 ;21,26 ;5,72 ;-;-
03/2013;4,95 ;6,64 ;14,61 ;8,46 ;21,28 ;5,71 ;-;-
04/2013;4,86 ;6,55 ;13,57 ;8,27 ;21,75 ;5,22 ;-;-
05/2013;4,90 ;6,58 ;14,64 ;8,15 ;21,86 ;5,18 ;-;-
06/2013;4,62 ;6,32 ;14,19 ;7,65 ;20,83 ;4,81 ;-;-
07/2013;4,57 ;6,25 ;13,87 ;7,68 ;20,57 ;4,90 ;-;-
08/2013;4,46 ;6,13 ;14,05 ;7,38 ;20,15 ;4,95 ;-;-
09/2013;4,45 ;6,09 ;13,86 ;7,27 ;20,26 ;5,03 ;-;-
10/2013;4,26 ;5,87 ;13,49 ;7,05 ;19,42 ;4,95 ;-;-
11/2013;4,16 ;5,76 ;12,97 ;7,03 ;19,12 ;4,83 ;-;-
12/2013;4,09 ;5,76 ;14,48 ;7,17 ;19,34 ;5,40 ;-;-
01/2014;4,05 ;5,68 ;13,78 ;7,05 ;19,42 ;5,44 ;-;-
02/2014;4,03 ;5,60 ;12,17 ;6,86 ;18,98 ;5,12 ;-;-
03/2014;4,08 ;5,63 ;11,75 ;6,98 ;19,46 ;5,24 ;-;-
04/2014;4,13 ;5,66 ;11,87 ;7,09 ;19,52 ;5,35 ;-;-
05/2014;4,19 ;5,80 ;12,74 ;7,35 ;19,76 ;5,53 ;-;-
06/2014;4,01 ;5,67 ;12,51 ;7,19 ;19,09 ;5,17 ;-;-
07/2014;4,08 ;5,75 ;13,26 ;7,46 ;19,28 ;5,31 ;-;-
08/2014;4,07 ;5,75 ;13,94 ;7,51 ;19,03 ;5,30 ;-;-
09/2014;3,97 ;5,73 ;14,07 ;7,41 ;18,53 ;5,32 ;-;-
10/2014;4,01 ;5,67 ;14,60 ;7,55 ;17,86 ;5,11 ;-;-
11/2014;3,87 ;5,51 ;14,95 ;7,50 ;17,40 ;5,00 ;-;-
12/2014;3,70 ;5,36 ;13,82 ;7,65 ;17,75 ;4,93 ;-;-
01/2015;3,78 ;5,38 ;13,72 ;7,88 ;17,18 ;4,98 ;-;-
02/2015;3,85 ;5,40 ;13,64 ;7,79 ;16,44 ;5,45 ;-;-
03/2015;3,71 ;5,22 ;12,85 ;7,39 ;15,86 ;5,30 ;-;-
04/2015;3,79 ;5,33 ;13,47 ;7,51 ;15,88 ;5,15 ;-;-
05/2015;3,89 ;5,50 ;14,31 ;7,78 ;15,70 ;5,22 ;-;-
06/2015;3,70 ;5,36 ;14,35 ;7,17 ;15,81 ;5,12 ;-;-
07/2015;3,81 ;5,51 ;14,92 ;7,51 ;15,80 ;5,22 ;-;-
08/2015;3,92 ;5,67 ;15,50 ;7,96 ;15,93 ;5,28 ;-;-
09/2015;3,99 ;5,81 ;15,32 ;8,15 ;16,02 ;5,24 ;-;-
10/2015;4,12 ;5,84 ;14,31 ;8,06 ;16,46 ;5,39 ;-;-
11/2015;4,24 ;6,03 ;15,03 ;8,97 ;16,80 ;5,55 ;-;-
12/2015;4,27 ;6,24 ;18,10 ;9,79 ;17,39 ;5,70 ;-;-
01/2016;4,34 ;6,32 ;16,92 ;9,88 ;17,35 ;5,74 ;-;-
02/2016;4,35 ;6,27 ;16,16 ;10,09 ;17,80 ;5,71 ;-;-
03/2016;4,30 ;6,24 ;15,35 ;10,09 ;17,70 ;5,64 ;-;-
04/2016;4,35 ;6,33 ;14,49 ;10,60 ;17,68 ;5,48 ;-;-
05/2016;4,37 ;6,40 ;14,89 ;10,22 ;17,84 ;5,51 ;-;-
06/2016;4,10 ;6,23 ;14,69 ;9,64 ;17,63 ;5,31 ;-;-
07/2016;4,15 ;6,28 ;15,68 ;9,76 ;17,38 ;5,31 ;-;-
08/2016;4,17 ;6,29 ;16,11 ;9,83 ;17,69 ;5,13 ;-;-
09/2016;4,23 ;6,31 ;15,71 ;9,97 ;17,83 ;5,10 ;-;-
10/2016;4,23 ;6,24 ;15,69 ;9,29 ;17,79 ;5,10 ;-;-
11/2016;4,15 ;6,16 ;15,32 ;9,14 ;17,96 ;5,05 ;-;-
12/2016;4,00 ;6,13 ;17,43 ;9,22 ;17,78 ;5,02 ;-;-
01/2017;4,04 ;6,09 ;16,16 ;9,03 ;18,02 ;5,02 ;-;-
02/2017;4,06 ;6,00 ;15,96 ;8,73 ;17,40 ;4,88 ;-;-
03/2017;4,06 ;5,97 ;15,45 ;8,75 ;18,22 ;4,95 ;-;-
04/2017;4,09 ;5,94 ;15,02 ;8,58 ;18,16 ;4,76 ;-;-
05/2017;4,16 ;6,02 ;15,48 ;8,59 ;18,80 ;4,80 ;-;-
06/2017;3,91 ;5,84 ;15,21 ;8,17 ;18,31 ;4,63 ;-;-
07/2017;4,01 ;5,81 ;14,78 ;8,14 ;18,24 ;4,57 ;-;-
08/2017;3,99 ;5,81 ;15,71 ;8,47 ;18,45 ;4,51 ;-;-
09/2017;3,93 ;5,70 ;15,27 ;8,29 ;18,54 ;4,42 ;-;-
10/2017;3,93 ;5,64 ;14,82 ;8,40 ;18,61 ;4,37 ;-;-
11/2017;3,83 ;5,48 ;14,21 ;8,28 ;18,20 ;4,44 ;-;-
12/2017;3,58 ;5,31 ;16,24 ;7,91 ;17,55 ;4,38 ;-;-
01/2018;3,78 ;5,34 ;15,20 ;8,06 ;17,76 ;4,55 ;-;-
02/2018;3,76 ;5,23 ;13,48 ;7,85 ;17,28 ;4,41 ;-;-
03/2018;3,70 ;5,17 ;13,97 ;7,81 ;16,49 ;4,41 ;-;-
04/2018;3,68 ;5,16 ;13,30 ;7,91 ;16,70 ;4,30 ;-;-
05/2018;3,64 ;5,12 ;13,18 ;7,77 ;16,23 ;4,37 ;-;-
06/2018;3,52 ;5,04 ;13,30 ;7,63 ;15,66 ;4,43 ;-;-
07/2018;3,56 ;5,10 ;13,27 ;7,61 ;15,69 ;4,48 ;-;-
08/2018;3,55 ;5,07 ;14,13 ;7,57 ;15,76 ;4,43 ;-;-
09/2018;3,47 ;5,05 ;14,00 ;7,47 ;15,44 ;4,38 ;-;-
10/2018;3,43 ;5,01 ;14,09 ;7,47 ;15,46 ;4,36 ;-;-
11/2018;3,35 ;4,85 ;13,58 ;7,49 ;15,03 ;4,27 ;-;-
12/2018;3,30 ;4,88 ;15,36 ;7,42 ;15,22 ;4,39 ;-;-
01/2019;3,39 ;4,89 ;14,24 ;7,39 ;15,40 ;4,38 ;-;-
02/2019;3,35 ;4,78 ;13,23 ;7,25 ;14,97 ;4,16 ;-;-
03/2019;3,41 ;4,81 ;13,37 ;7,40 ;15,06 ;4,16 ;-;-
04/2019;3,41 ;4,81 ;13,36 ;7,38 ;15,15 ;4,12 ;-;-
05/2019;3,46 ;4,89 ;14,40 ;7,61 ;15,01 ;4,12 ;-;-
06/2019;3,40 ;4,87 ;14,05 ;7,76 ;14,74 ;3,99 ;-;-
07/2019;3,49 ;4,92 ;14,43 ;7,88 ;14,78 ;4,00 ;-;-
08/2019;3,53 ;4,95 ;14,73 ;7,64 ;14,55 ;3,95 ;-;-
09/2019;3,60 ;5,07 ;15,69 ;7,86 ;14,56 ;3,97 ;-;-
10/2019;3,58 ;5,07 ;16,18 ;7,90 ;14,46 ;3,95 ;-;-
11/2019;3,59 ;5,06 ;15,94 ;7,91 ;14,52 ;4,02 ;-;-
12/2019;3,56 ;5,10 ;17,57 ;8,13 ;14,55 ;4,14 ;-;-
01/2020;3,63 ;5,05 ;16,71 ;8,17 ;14,85 ;4,16 ;-;-
02/2020;3,72 ;5,17 ;15,47 ;8,08 ;15,04 ;4,22 ;-;-
03/2020;4,00 ;5,29 ;15,32 ;8,39 ;14,80 ;4,27 ;-;-
04/2020;4,13 ;5,60 ;15,99 ;8,62 ;14,30 ;4,27 ;-;-
05/2020;4,04 ;5,69 ;17,03 ;8,57 ;12,57 ;4,18 ;-;-
06/2020;3,67 ;5,39 ;16,64 ;7,91 ;10,46 ;4,20 ;-;-
07/2020;3,52 ;5,20 ;16,50 ;7,52 ;9,07 ;4,18 ;-;-
08/2020;3,35 ;4,95 ;15,92 ;7,03 ;7,67 ;4,26 ;-;-
09/2020;3,19 ;4,73 ;14,97 ;6,11 ;7,20 ;4,21 ;-;-
10/2020;3,11 ;4,59 ;13,37 ;5,94 ;7,40 ;4,22 ;-;-
11/2020;3,02 ;4,36 ;12,71 ;5,93 ;8,43 ;4,27 ;-;-
12/2020;2,89 ;4,23 ;13,44 ;5,36 ;10,14 ;4,33 ;-;-
01/2021;2,93 ;4,20 ;11,40 ;5,33 ;11,33 ;4,24 ;-;-
02/2021;2,97 ;4,13 ;10,43 ;5,28 ;12,01 ;4,24 ;-;-
03/2021;2,92 ;4,09 ;9,78 ;5,34 ;12,84 ;4,20 ;-;-
04/2021;2,95 ;4,10 ;9,44 ;5,41 ;13,64 ;4,10 ;-;-
05/2021;3,01 ;4,17 ;9,75 ;5,28 ;14,21 ;4,09 ;-;-
06/2021;2,91 ;4,10 ;9,45 ;5,20 ;12,96 ;4,03 ;-;-
07/2021;2,94 ;4,16 ;11,35 ;5,08 ;13,15 ;4,08 ;-;-
08/2021;2,96 ;4,20 ;10,17 ;5,17 ;13,07 ;4,10 ;-;-
09/2021;3,01 ;4,29 ;10,00 ;5,13 ;12,63 ;4,18 ;-;-
10/2021;2,99 ;4,31 ;9,72 ;5,16 ;12,99 ;4,18 ;-;-
11/2021;3,01 ;4,34 ;10,02 ;5,01 ;13,36 ;4,24 ;-;-
12/2021;3,05 ;4,45 ;11,51 ;5,21 ;12,66 ;4,63 ;-;-
01/2022;3,26 ;4,72 ;10,92 ;5,51 ;13,29 ;5,00 ;-;-
02/2022;3,38 ;4,81 ;11,08 ;5,57 ;12,88 ;4,80 ;-;-
03/2022;3,45 ;4,94 ;11,12 ;6,00 ;13,20 ;4,85 ;-;-
04/2022;3,54 ;5,13 ;11,11 ;6,19 ;14,18 ;4,84 ;-;-
05/2022;3,65 ;5,35 ;11,51 ;6,61 ;14,95 ;4,97 ;-;-
06/2022;3,57 ;5,34 ;11,56 ;6,86 ;14,46 ;4,67 ;-;-
07/2022;3,71 ;5,56 ;11,61 ;7,20 ;14,88 ;4,51 ;-;-
08/2022;3,78 ;5,72 ;12,53 ;7,59 ;14,85 ;5,40 ;-;-
09/2022;3,80 ;5,80 ;12,74 ;7,75 ;15,05 ;5,36 ;-;-
10/2022;3,89 ;5,91 ;12,53 ;7,89 ;15,45 ;4,35 ;-;-
11/2022;3,92 ;5,92 ;12,65 ;8,06 ;14,70 ;4,36 ;-;-
12/2022;3,94 ;6,02 ;13,55 ;8,14 ;16,15 ;4,60 ;-;-
01/2023;4,11 ;6,22 ;13,40 ;8,27 ;16,97 ;3,88 ;-;-
02/2023;4,16 ;6,25 ;12,00 ;8,15 ;16,97 ;3,81 ;-;-
03/2023;4,11 ;6,19 ;12,40 ;8,14 ;16,30 ;3,79 ;-;-
04/2023;4,26 ;6,35 ;12,63 ;8,15 ;17,36 ;3,88 ;-;-
05/2023;4,35 ;6,47 ;13,11 ;8,11 ;18,20 ;4,07 ;-;-
06/2023;4,25 ;6,42 ;12,96 ;8,08 ;18,93 ;4,05 ;-;-
07/2023;4,22 ;6,31 ;13,21 ;7,89 ;18,04 ;4,10 ;-;-
08/2023;4,12 ;6,20 ;12,29 ;7,55 ;17,71 ;4,21 ;-;-
09/2023;4,00 ;6,07 ;11,93 ;7,29 ;17,15 ;5,25 ;-;-
10/2023;3,97 ;6,05 ;12,80 ;7,11 ;17,31 ;5,43 ;-;-
11/2023;3,88 ;5,91 ;15,60 ;6,83 ;16,91 ;5,75 ;-;-
12/2023;3,75 ;5,73 ;13,63 ;6,75 ;15,69 ;5,94 ;-;-
01/2024;3,76 ;5,70 ;12,88 ;6,63 ;16,34 ;6,31 ;-;-
02/2024;3,76 ;5,66 ;12,13 ;6,49 ;16,76 ;6,66 ;-;-
03/2024;3,71 ;5,58 ;12,04 ;6,44 ;16,87 ;6,68 ;-;-
04/2024;3,75 ;5,63 ;11,51 ;6,48 ;17,72 ;6,50 ;-;-
05/2024;3,82 ;5,72 ;12,13 ;6,53 ;17,98 ;6,53 ;-;-
06/2024;3,71 ;5,59 ;12,37 ;6,48 ;17,85 ;6,53 ;-;-
07/2024;3,78 ;5,65 ;12,11 ;6,59 ;18,39 ;6,72 ;-;-
08/2024;3,82 ;5,65 ;11,80 ;6,50 ;18,35 ;6,66 ;-;-
09/2024;3,83 ;5,69 ;13,25 ;6,49 ;18,13 ;6,83 ;-;-
10/2024;3,79 ;5,59 ;11,69 ;6,41 ;18,07 ;7,82 ;-;-
11/2024;3,75 ;5,47 ;11,31 ;6,37 ;17,81 ;7,46 ;-;-
12/2024;3,63 ;5,40 ;12,65 ;6,46 ;18,04 ;7,39 ;-;-
01/2025;3,89 ;5,74 ;13,06 ;7,09 ;19,57 ;8,06 ;-;-
02/2025;3,96 ;5,81 ;13,02 ;7,37 ;18,97 ;7,97 ;-;-
03/2025;4,03 ;5,91 ;12,60 ;7,32 ;18,00 ;7,74 ;-;-
04/2025;4,25 ;6,21 ;12,94 ;7,67 ;19,21 ;7,17 ;-;-
05/2025;4,36 ;6,38 ;13,68 ;7,91 ;18,77 ;6,81 ;-;-
06/2025;4,41 ;6,50 ;13,96 ;8,25 ;18,92 ;6,56 ;-;-
07/2025;4,66 ;6,73 ;15,09 ;8,66 ;19,88 ;6,17 ;-;-
08/2025;4,92 ;6,97 ;14,97 ;9,13 ;20,64 ;5,42 ;-;-
09/2025;4,89 ;6,89 ;14,44 ;8,78 ;19,61 ;5,17 ;-;-
10/2025;4,99 ;6,86 ;15,79 ;8,92 ;19,73 ;5,15 ;-;-
11/2025;5,12 ;6,94 ;15,82 ;8,91 ;19,00 ;5,02 ;2,35 ;12,10
12/2025;5,12 ;7,06 ;17,33 ;9,16 ;19,37 ;5,51 ;2,49 ;12,18
01/2026;5,38 ;7,17 ;16,22 ;9,49 ;19,32 ;5,67 ;2,24 ;12,83
02/2026;5,56 ;7,42 ;16,09 ;10,11 ;19,62 ;6,57 ;2,86 ;13,41
03/2026;5,40 ;7,25 ;16,12 ;9,73 ;19,18 ;6,75 ;2,19 ;13,16
04/2026;5,51 ;7,37 ;15,55 ;10,09 ;18,52 ;7,45 ;2,22 ;13,65
05/2026;5,62 ;7,56 ;15,93 ;10,47 ;18,58 ;7,95 ;2,24 ;14,21
06/2026;5,57 ;7,63 ;16,14 ;10,56 ;17,43 ;8,63 ;2,32 ;14,34
Fonte;BCB-DSTAT;BCB-DSTAT;BCB-DSTAT;BCB-DSTAT;BCB-DSTAT;BCB-DSTAT;BCB-DSTAT;BCB-DSTAT
