"data";"Inadimplencia_PF_ate10SM_pct";"Inadimplencia_PF_Total_SGS_pct";"GAP_ate10SM_menos_PF_Total_SGS_pp";"Inadimplencia_PF_Total_SCR_pct";"GAP_ate10SM_menos_PF_Total_SCR_pp";"Carteira_Ativa_PF_ate10SM";"Carteira_Inadimplida_PF_ate10SM";"Carteira_Ativa_PF_Total_SCR";"Carteira_Inadimplida_PF_Total_SCR"
2011-03-01;;4,62;;;;;;;
2011-04-01;;4,67;;;;;;;
2011-05-01;;4,82;;;;;;;
2011-06-01;;4,79;;;;;;;
2011-07-01;;4,9;;;;;;;
2011-08-01;;4,97;;;;;;;
2011-09-01;;5,03;;;;;;;
2011-10-01;;5,17;;;;;;;
2011-11-01;;5,22;;;;;;;
2011-12-01;;5,22;;;;;;;
2012-01-01;;5,36;;;;;;;
2012-02-01;;5,4;;;;;;;
2012-03-01;;5,36;;;;;;;
2012-04-01;;5,41;;;;;;;
2012-05-01;;5,51;;;;;;;
2012-06-01;;5,43;;;;;;;
2012-07-01;;5,42;;;;;;;
2012-08-01;;5,4;;;;;;;
2012-09-01;;5,41;;;;;;;
2012-10-01;;5,34;;;;;;;
2012-11-01;;5,21;;;;;;;
2012-12-01;;5,1;;;;;;;
2013-01-01;;5,04;;;;;;;
2013-02-01;;5;;;;;;;
2013-03-01;;4,95;;;;;;;
2013-04-01;;4,86;;;;;;;
2013-05-01;;4,9;;;;;;;
2013-06-01;;4,62;;;;;;;
2013-07-01;;4,57;;;;;;;
2013-08-01;;4,46;;;;;;;
2013-09-01;;4,45;;;;;;;
2013-10-01;;4,26;;;;;;;
2013-11-01;;4,16;;;;;;;
2013-12-01;;4,09;;;;;;;
2014-01-01;;4,05;;;;;;;
2014-02-01;;4,03;;;;;;;
2014-03-01;;4,08;;;;;;;
2014-04-01;;4,13;;;;;;;
2014-05-01;;4,19;;;;;;;
2014-06-01;;4,01;;;;;;;
2014-07-01;;4,08;;;;;;;
2014-08-01;;4,07;;;;;;;
2014-09-01;;3,97;;;;;;;
2014-10-01;;4,01;;;;;;;
2014-11-01;;3,87;;;;;;;
2014-12-01;;3,7;;;;;;;
2015-01-01;;3,78;;;;;;;
2015-02-01;;3,85;;;;;;;
2015-03-01;;3,71;;;;;;;
2015-04-01;;3,79;;;;;;;
2015-05-01;;3,89;;;;;;;
2015-06-01;;3,7;;;;;;;
2015-07-01;;3,81;;;;;;;
2015-08-01;;3,92;;;;;;;
2015-09-01;;3,99;;;;;;;
2015-10-01;;4,12;;;;;;;
2015-11-01;;4,24;;;;;;;
2015-12-01;;4,27;;;;;;;
2016-01-01;;4,34;;;;;;;
2016-02-01;;4,35;;;;;;;
2016-03-01;;4,3;;;;;;;
2016-04-01;;4,35;;;;;;;
2016-05-01;;4,37;;;;;;;
2016-06-01;;4,1;;;;;;;
2016-07-01;;4,15;;;;;;;
2016-08-01;;4,17;;;;;;;
2016-09-01;;4,23;;;;;;;
2016-10-01;;4,23;;;;;;;
2016-11-01;;4,15;;;;;;;
2016-12-01;;4;;;;;;;
2017-01-01;;4,04;;;;;;;
2017-02-01;;4,06;;;;;;;
2017-03-01;;4,06;;;;;;;
2017-04-01;;4,09;;;;;;;
2017-05-01;;4,16;;;;;;;
2017-06-01;;3,91;;;;;;;
2017-07-01;;4,01;;;;;;;
2017-08-01;;3,99;;;;;;;
2017-09-01;;3,93;;;;;;;
2017-10-01;;3,93;;;;;;;
2017-11-01;;3,83;;;;;;;
2017-12-01;;3,58;;;;;;;
2018-01-01;;3,78;;;;;;;
2018-02-01;;3,76;;;;;;;
2018-03-01;;3,7;;;;;;;
2018-04-01;;3,68;;;;;;;
2018-05-01;;3,64;;;;;;;
2018-06-01;;3,52;;;;;;;
2018-07-01;;3,56;;;;;;;
2018-08-01;;3,55;;;;;;;
2018-09-01;;3,47;;;;;;;
2018-10-01;;3,43;;;;;;;
2018-11-01;;3,35;;;;;;;
2018-12-01;;3,3;;;;;;;
2019-01-01;4,10727793395173;3,39;0,717277933951735;3,47545103008959;0,631826903862148;1203658805393,64;49437612513,9999;1832069224404,76;63672668731,5294
2019-02-01;4,08156392300336;3,35;0,73156392300336;3,43434124714534;0,647222675858017;1203881347307,02;49137186747,45;1840003171072,93;63191987852,9398
2019-03-01;4,12682727809553;3,41;0,716827278095527;3,50669610715088;0,620131170944644;1213648941264,72;50085195568,4301;1854987467201,72;65048773300,4996
2019-04-01;4,11788586975;3,41;0,707885869749999;3,48123930663131;0,636646563118685;1226939068302,49;50523950524,0703;1871136471828,83;65138738338,0195
2019-05-01;4,16789985334814;3,46;0,70789985334814;3,52825844945084;0,639641403897296;1253925284875,95;52262350109,4401;1889467468961,53;66665295623,2603
2019-06-01;4,11571596928996;3,4;0,715715969289965;3,45668375264331;0,65903221664665;1258662428152,61;51802970554,9297;1901537287266,33;65730130459,3896
2019-07-01;4,22693986584312;3,49;0,736939865843116;3,55435041629914;0,67258944954398;1272353951739,56;53781636420,7097;1918556231182,54;68192211389,9695
2019-08-01;4,27252655818173;3,53;0,742526558181732;3,59722484984875;0,675301708332982;1284997448549,15;54901857261,2199;1941313535625,56;69833412916,9999
2019-09-01;4,34811498968596;3,6;0,748114989685963;3,6482704194621;0,699844570223865;1295098770671,12;56312383778,7898;1961474639566,07;71559899060,5398
2019-10-01;4,33128730472664;3,58;0,751287304726644;3,62883781422797;0,702449490498672;1310280409451,43;56752009030,8902;1984576968542,79;72017079486,9398
2019-11-01;4,34185254557159;3,59;0,751852545571595;3,6307997686012;0,711052776970397;1329865535816,99;57740800619,5494;2010634237838,31;73002103254,8498
2019-12-01;4,2841742986428;3,56;0,724174298642802;3,59069826833598;0,693476030306824;1345887418403,03;57660162867,8898;2038079242512,18;73181276068,1998
2020-01-01;4,41034679076526;3,63;0,780346790765263;3,71963309441109;0,690713696354168;1380558320480,85;60887409581,97;2055373172052,46;76452340721,3105
2020-02-01;4,4459813607542;3,72;0,725981360754196;3,7530898649985;0,692891495755697;1390863000882,9;61837509772,88;2062962040278,79;77424819252,4697
2020-03-01;4,82401604528639;4;0,824016045286392;4,06142846944588;0,762587575840513;1392995508837,72;67198326856,4502;2069255797481,44;84041344064,5707
2020-04-01;4,99340661190058;4,13;0,863406611900579;4,19549941705115;0,797907194849433;1378171105705,46;68817687115,5999;2047773797146,81;85914337721,8204
2020-05-01;4,88202187161068;4,04;0,842021871610675;4,10850396445525;0,773517907155425;1380021304045,53;67372941896,3894;2045559969570,66;84041912445,1201
2020-06-01;4,45956598812829;3,67;0,789565988128285;3,70573440998247;0,753831578145817;1388571717412,57;61924272030,4997;2058705617789,56;76290162478,6699
2020-07-01;4,26082894136426;3,52;0,740828941364255;3,55917612514271;0,701652816221542;1407464351791,34;59969648440,5104;2079374072493,32;74008585540,5899
2020-08-01;4,03897299353408;3,35;0,688972993534085;3,35949488406091;0,679478109473179;1439832127128,32;58154430766,9402;2113018720576,01;70986755817,0003
2020-09-01;3,75746401268831;3,19;0,567464012688314;3,1247801334142;0,632683879274119;1462974287651,01;54970732373,3699;2142286720018,22;66941749827,9
2020-10-01;3,65913906026363;3,11;0,549139060263628;3,01548633528347;0,643652724980154;1482944032009,29;54262984317,1002;2182746299765,35;65820416403,3297
2020-11-01;3,60156433739034;3,02;0,581564337390336;2,96758722750359;0,633977109886744;1517561314442,98;54655947099,0104;2229843719789,37;66172557421,7604
2020-12-01;3,44765610519046;2,89;0,557656105190462;2,84798203631793;0,599674068872532;1536706577950,09;52980358153,5597;2264810786712,75;64501404362,1699
2021-01-01;3,49853626038371;2,93;0,568536260383714;2,90353933852801;0,594996921855702;1566523600913,86;54805396205,4399;2280106152230,49;66203779090,2097
2021-02-01;3,55845966139606;2,97;0,588459661396056;2,94748666418214;0,610972997213914;1577338236439,62;56128944867,4797;2298873270710,49;67758983080,6395
2021-03-01;3,50059573532841;2,92;0,580595735328406;2,9044395758111;0,59615615951731;1593094948527,61;55767813827,8899;2325716210216,08;67549022030,5697
2021-04-01;3,55520881354681;2,95;0,605208813546811;2,94545049406787;0,609758319478945;1614425349774,3;57396192323,31;2352126361083,34;69280717523,6297
2021-05-01;3,63808919411648;3,01;0,62808919411648;3,01408863542326;0,624000558693218;1643289461450,07;59784336325,0698;2393334560850,75;72137225006,2598
2021-06-01;3,54985718448763;2,91;0,639857184487627;2,91490290708828;0,634954277399351;1657519228352,07;58839565411,9197;2431175022785,88;70866391415,5896
2021-07-01;3,60632246313311;2,94;0,66632246313311;2,96598656256492;0,640335900568186;1687488415062,85;60856273775,1805;2475993048995,23;73437621123,2401
2021-08-01;3,62645739542101;2,96;0,666457395421007;2,97469382614582;0,651763569275188;1727313215577,66;62640277848,4004;2533744852577,84;75371151699,9204
2021-09-01;3,65320237658436;3,01;0,643202376584358;2,97182678181697;0,681375594767391;1786331025073;65258287461,6305;2585961715957,89;76850302842,3703
2021-10-01;3,69237125086929;2,99;0,702371250869286;2,98095483539252;0,711416415476764;1821356345954,03;67251238093,8901;2637722384781;78629312973,3602
2021-11-01;3,75265618672492;3,01;0,742656186724918;3,02182024291292;0,730835943812003;1868702463751,47;70125978617,4504;2699365084991,62;81569960568,4003
2021-12-01;3,79645611176619;3,05;0,746456111766189;3,03842192020932;0,758034191556868;1899456733061,31;72112041232,6604;2745097423054,86;83407641833,2001
2022-01-01;4,01692577723016;3,26;0,756925777230163;3,25865458255261;0,758271194677558;1957424683363,39;78628296675,89;2772815411694,56;90356476478,9098
2022-02-01;4,23478722755352;3,38;0,854787227553524;3,3991377003753;0,835649527178222;1967079081238,84;83301613688,1794;2793770513417,4;94964106783,5394
2022-03-01;4,28160728637656;3,45;0,831607286376557;3,44757061122246;0,834036675154096;1997642156468,39;85531192127,0803;2832782163510,23;97662165349,1305
2022-04-01;4,36890420514397;3,54;0,828904205143965;3,53046600160322;0,838438203540744;2029684611094,56;88674976325,2703;2869111700005,11;101293013116,701
2022-05-01;4,47537264700292;3,65;0,825372647002924;3,62961228404452;0,845760362958401;2061424165648,67;92256413248,1487;2908393660856,51;105563413582,82
2022-06-01;4,41542281858721;3,57;0,845422818587212;3,54985526663296;0,865567551954252;2081529050055,66;91908308651,6793;2947594147451,71;104635326082,279
2022-07-01;4,61273796397809;3,71;0,902737963978089;3,69967767079272;0,913060293185374;2106146737269,81;97151030127,1306;2992910581502,49;110728044490,64
2022-08-01;4,71804792069806;3,78;0,938047920698062;3,75597255816823;0,962075362529828;2130878063991,02;100535848190,74;3054770126300,03;114736327658,95
2022-09-01;4,77321395376005;3,8;0,973213953760048;3,78467630177422;0,988537651985827;2151276036411,3;102685007953,88;3102958699119,06;117436942539,401
2022-10-01;4,92031479690388;3,89;1,03031479690388;3,88977697047696;1,03053782642692;2176935643054,19;107112086564,27;3152430341882,66;122622509448,88
2022-11-01;4,9203769415316;3,92;1,0003769415316;3,89705788611796;1,02331905541364;2208954274158,46;108688876754,669;3201303466861,67;124756649213,9
2022-12-01;4,97136590473348;3,94;1,03136590473348;3,91904405980843;1,05232184492505;2223818797103,74;110554169462,27;3237508641146,58;126879390086,64
2023-01-01;5,1025349353116;4,11;0,9925349353116;4,07139281492381;1,03114212038779;2289514662578,13;116823285507,131;3274618763120,39;133322593037,83
2023-02-01;5,19803252473917;4,16;1,03803252473917;4,15078047524441;1,04725204949475;2285841411118,97;118818780013,921;3287781012387,92;136468572330,991
2023-03-01;5,15642912808393;4,11;1,04642912808393;4,09222831935196;1,06420080873198;2298120528898,14;118500956350,58;3324572113535,34;136049081527,371
2023-04-01;5,31078105588949;4,26;1,05078105588949;4,23193185266201;1,07884920322747;2303807835581,7;122350190096,17;3331245802642,9;140976052212,511
2023-05-01;5,40570290091015;4,35;1,05570290091015;4,33202825678993;1,07367464412022;2324418177492,04;125651140849,97;3356347291504,57;145397913063,981
2023-06-01;5,26094318911769;4,25;1,01094318911769;4,19184611374684;1,06909707537085;2320404716484,72;122075173891,869;3351486301197,12;140489148269,489
2023-07-01;5,29259344790162;4,22;1,07259344790162;4,23137167046089;1,06122177744074;2327204084078,72;123169450873,249;3377546870333,24;142916561427,819
2023-08-01;5,17363152731205;4,12;1,05363152731206;4,14791057509855;1,0257209522135;2345868854460,44;121366610643,759;3425038488729,11;142067533675,191
2023-09-01;5,0560119909328;4;1,0560119909328;4,03672607252827;1,01928591840453;2358493119113,44;119245694907,701;3456363806369,32;139523938933,141
2023-10-01;4,9453166073997;3,97;0,975316607399701;3,96805504605117;0,977261561348526;2382272306214,1;117810907992,69;3498611727936,66;138826839212,129
2023-11-01;4,80787400708474;3,88;0,927874007084738;3,84598922991912;0,961884777165619;2414370901668,75;116079911015,949;3548838568858,13;136487949145,499
2023-12-01;4,65406306273211;3,75;0,904063062732109;3,74210315307062;0,911959909661494;2429683321835,08;113078994022,889;3582251988399,67;134051564608,839
2024-01-01;4,63713961977412;3,76;0,877139619774117;3,77053586132697;0,866603758447146;2482137347448,64;115100174355,751;3617743113732;136408301473,952
2024-02-01;4,60219713876511;3,76;0,842197138765114;3,75784472909311;0,844352409672004;2478990965196,94;114088051270,539;3641001802906,04;136823194336,69
2024-03-01;4,56192929173044;3,71;0,851929291730439;3,72771757180505;0,834211719925387;2485121817948,78;113369500148,189;3676796423263,43;137060586349,49
2024-04-01;4,58524758234072;3,75;0,835247582340718;3,7539285967777;0,831318985563014;2500825151585,01;114669024801,62;3706350170457,68;139133738945,53
2024-05-01;4,61495125403958;3,82;0,794951254039585;3,81213099136565;0,802820262673935;2523759393199,23;116470265765,389;3734072041186,21;142347717521,979
2024-06-01;4,51174766709985;3,71;0,801747667099853;3,73864643271589;0,773101234383961;2537501424833,92;114485661337,57;3761758106875,71;140638835270,11
2024-07-01;4,5203338908392;3,78;0,740333890839204;3,79955553742672;0,720778353412481;2564722441656,55;115934017736,16;3805131804199,29;144578096172,839
2024-08-01;4,50771277126899;3,82;0,687712771268992;3,83511347900118;0,672599292267808;2578972644580,97;116252679267,31;3849953874408,3;147650099972,761
2024-09-01;4,46585877021651;3,83;0,635858770216507;3,80247520328465;0,663383566931859;2588845056862,03;115614164019,189;3893945182524,74;148066299995
2024-10-01;4,39970963234324;3,79;0,60970963234324;3,74544413368197;0,654265498661266;2621440682517,1;115335778214,869;3943816905533,4;147713458931,459
2024-11-01;4,34811550738174;3,75;0,598115507381739;3,71042161479753;0,637693892584208;2652416200776,04;115330120146,248;3998594646413,12;148364720048,649
2024-12-01;4,27093014257135;3,63;0,640930142571352;3,66101031486121;0,609919827710137;2670874733647,64;114071194069,679;4044371068439,95;148064841986,849
2025-01-01;4,59083074987529;3,89;0,700830749875288;3,97023818489471;0,620592564980578;2700533155930,18;123976906533,02;4087043409050,62;162265358059,35
2025-02-01;4,71085304057103;3,96;0,75085304057103;4,08645057389538;0,624402466675649;2738867813558,66;129024037672,249;4117429543901,98;168256723226,521
2025-03-01;4,73372662783816;4,03;0,703726627838159;4,09855228996997;0,635174337868184;2761432872616,01;130718683200,9;4155566281766,98;170318057002,581
2025-04-01;4,94828344775492;4,25;0,698283447754923;4,30463670024867;0,643646747506251;2778432669865,93;137484723909,991;4188822055854,47;180313571524,422
2025-05-01;5,10299698603795;4,36;0,742996986037952;4,45203542532684;0,650961560711116;2792358426828,59;142493966360,44;4206494086677,22;187274606903,148
2025-06-01;5,11482774074987;4,41;0,704827740749873;4,47992320222808;0,634904538521789;2827496186503,99;144621559315,951;4241678717477,6;190023949028,249
2025-07-01;5,3162489277647;4,66;0,656248927764703;4,70728173921976;0,608967188544944;2663032015438,13;141573410966,761;4272374688955,75;201112713564,261
2025-08-01;5,44686063386247;4,92;0,526860633862471;4,94911403985164;0,497746594010835;2694288388115,67;146754133575;4313806295277,41;213495193011,578
2025-09-01;5,37128163351957;4,89;0,481281633519574;4,91787765005164;0,453403983467932;2731630020287,53;146723541575,411;4351903929622,4;214021310706,619
2025-10-01;5,48172854344578;4,99;0,491728543445785;5,11277249468348;0,368956048762307;2778539054025,09;152311968415,282;4416027480945,17;225781438403,428
2025-11-01;5,52041566816133;5,12;0,400415668161328;5,1980417118694;0,322373956291929;2823258443967,88;155855601493,491;4475464791484,06;232636526661,37
2025-12-01;5,48427973478273;5,12;0,364279734782729;5,14565984607533;0,338619888707395;2840081100385,37;155757992239,829;4525136897368,92;232848152307,852
2026-01-01;5,6915268575203;5,38;0,311526857520303;5,5137234223148;0,177803435205506;2911738486453,76;165722377977,271;4566353330783,62;251776093145,068
2026-02-01;5,89100643591848;5,56;0,331006435918485;5,75782111802245;0,133185317896031;2923727892671,8;172236998326,039;4592718008302,63;264440487373,269
2026-03-01;5,78057271696332;5,4;0,380572716963318;5,61761647473906;0,162956242224261;2957323374605,07;170950228144,8;4642017768430,89;260770754919,688
2026-04-01;5,99373485881094;5,51;0,483734858810945;5,79796620208032;0,195768656730621;2988633859287,65;179130789426,351;4667047360851,83;270593828617,271
2026-05-01;6,26597088616612;5,62;0,645970886166124;5,94945039457585;0,316520491590269;2971069409862,31;186166344229,76;4693104503198,71;279213924383,413
2026-06-01;5,9121948212893;5,57;0,342194821289295;5,69133477855522;0,220860042734072;2959752042020,17;174986306951,32;4685369466552;266660061953,681
2026-07-01;5,94388810697921;;;5,81466493333712;0,129223173642089;2957632622876,29;175798373719,281;4680273003531,52;272142193120,791
