"metodo","horizonte","media","mediana","p16","p84","p05","p95","p025","p975","prob_positivo","prob_negativo","significativo_90","significativo_95","irf_pontual"
"Bootstrap residual SVAR(2)",0,0.018394204712542,0.0192783224068624,0.00149941612575175,0.0352223882403443,-0.0104761353169887,0.0441891958711622,-0.0156682206182249,0.0480023122249192,0.858586363863739,0.141413636136261,FALSE,FALSE,0.0199336728271488
"Bootstrap residual SVAR(2)",1,0.0075093378132497,0.00872649344611438,-0.0163176236799087,0.0310744344824493,-0.0338193644100971,0.0442025378113366,-0.0419818328830299,0.0499441108935814,0.641538692411585,0.358461307588415,FALSE,FALSE,0.00792773829358004
"Bootstrap residual SVAR(2)",2,0.00552320709360424,0.00713061480751175,-0.0231135549430435,0.0338657302289887,-0.0446970611562402,0.0499288260026832,-0.0547225832219178,0.0571387242340438,0.59791906357861,0.40208093642139,FALSE,FALSE,0.0057415155857243
"Bootstrap residual SVAR(2)",3,0.0111280065542563,0.0128641683254528,-0.0186048763089806,0.0404546490867569,-0.0412834718812017,0.0574008421573712,-0.051956144082731,0.0651054343062892,0.665249362212996,0.334750637787004,FALSE,FALSE,0.0109593941617266
"Bootstrap residual SVAR(2)",4,0.00754820002844744,0.00920392445979123,-0.0243207300897487,0.039317153979268,-0.0487971064940793,0.0580754929507249,-0.0610530652703595,0.0671261339688845,0.614076334350458,0.385923665649542,FALSE,FALSE,0.0069953366067891
"Bootstrap residual SVAR(2)",5,0.0059795658028856,0.00750157092366394,-0.0272346595168588,0.039068397882233,-0.0527222524938438,0.0590600043499627,-0.0657527282494333,0.0687421253693105,0.587964584062828,0.412035415937172,FALSE,FALSE,0.00560565439043196
"Bootstrap residual SVAR(2)",6,0.00481016577212051,0.00631528597152517,-0.0299609051333556,0.0395689007999329,-0.0567441670508729,0.0607913310453602,-0.0706073026475258,0.0713463001713406,0.571757290780851,0.428242709219149,FALSE,FALSE,0.00405146678004174
"Bootstrap residual SVAR(2)",7,0.00396762075686991,0.00549692674103483,-0.0319400960545758,0.0400042158273866,-0.0596553624403035,0.0619388110866417,-0.0738591827618474,0.0734616762441201,0.560852383572608,0.439147616427392,FALSE,FALSE,0.00282531170193499
"Bootstrap residual SVAR(2)",8,0.00334341699152439,0.00487378303566258,-0.0334451024601538,0.0404768427855131,-0.0621874661710938,0.0633146195806121,-0.0773849279626922,0.0752509213502221,0.553999299684858,0.446000700315142,FALSE,FALSE,0.00184902392649465
"Bootstrap residual SVAR(2)",9,0.0026668434465912,0.00431557969980947,-0.0348674327390291,0.0404096687653057,-0.0640509225875808,0.0640351063661776,-0.0804792416944904,0.0765291565719012,0.546045720574258,0.453954279425742,FALSE,FALSE,0.000857097240387205
"Bootstrap residual SVAR(2)",10,0.00216177079896826,0.00391465551742906,-0.0358949307369154,0.0405433118048444,-0.0658147990986176,0.0648307773740374,-0.0828936564833843,0.0777495745007411,0.542043919763894,0.457956080236106,FALSE,FALSE,0.000096940728213722
"Bootstrap residual SVAR(2)",11,0.00178410196300959,0.00346381993102724,-0.036934545643801,0.0405949715911958,-0.0674488801747542,0.0655425932663684,-0.0849276186122898,0.0785901834546374,0.538492321544695,0.461507678455305,FALSE,FALSE,-0.00055506641771602
"Bootstrap residual SVAR(2)",12,0.00146739105078974,0.00320371035434082,-0.0378355757186814,0.0407000521529892,-0.0687792978279559,0.0660870932200488,-0.087007261757649,0.0795744981029191,0.535591015957181,0.464408984042819,FALSE,FALSE,-0.00108159566713097
"Bootstrap residual SVAR(2)",13,0.0012195058395905,0.0030019658123796,-0.0383432097207704,0.0408199584242885,-0.0700282887042295,0.0664291576300607,-0.088556479623829,0.0802202345712412,0.533340003001351,0.466659996998649,FALSE,FALSE,-0.00152796942230806
"Bootstrap residual SVAR(2)",14,0.000993331143711637,0.0028002615132002,-0.0388921602122552,0.0408729912915398,-0.070968708273747,0.0669581154076845,-0.0897769340519968,0.0808572516632075,0.530338652393577,0.469661347606423,FALSE,FALSE,-0.00189574371312727
"Bootstrap residual SVAR(2)",15,0.000823434303540322,0.00269352863622794,-0.0392030128287721,0.0409288878695391,-0.0717432831516039,0.0672737432208486,-0.091201834671511,0.0815669822505137,0.528787954579561,0.471212045420439,FALSE,FALSE,-0.00219971186690118
"Bootstrap residual SVAR(2)",16,0.000668487045272618,0.00257288127173117,-0.0395068072880664,0.0409311054322769,-0.0724648825535215,0.0677008702302433,-0.0920539861412303,0.0819880964730368,0.527487369316192,0.472512630683808,FALSE,FALSE,-0.00245089342642978
"Bootstrap residual SVAR(2)",17,0.000547335932903617,0.00251417747401325,-0.0398041845881949,0.0409835411073185,-0.0732081903751483,0.0678343217493691,-0.0928898069195803,0.0824958326560768,0.526486919113601,0.473513080886399,FALSE,FALSE,-0.00265815509585954
"Bootstrap residual SVAR(2)",18,0.000435481708362303,0.00245762109702241,-0.0400623824684174,0.0410141748796176,-0.0736886652559625,0.0680136961235614,-0.0935786550801965,0.0827414208054925,0.525836626481917,0.474163373518083,FALSE,FALSE,-0.00282974343153201
"Bootstrap residual SVAR(2)",19,0.000344884947730863,0.00242784759024773,-0.0403713211377871,0.0410252625659962,-0.0742875975118331,0.0682110176181623,-0.0942020162054695,0.0833169270565193,0.525086288829973,0.474913711170027,FALSE,FALSE,-0.00297122107002122
"Bootstrap residual SVAR(2)",20,0.000262032916756059,0.00239245640466168,-0.0406263217962578,0.0411100115599416,-0.0748714688414704,0.0683826221892647,-0.0950208710828657,0.0837673092343201,0.524536041218548,0.475463958781452,FALSE,FALSE,-0.00308813143063328
"Bootstrap residual SVAR(2)",21,0.000193039284720854,0.00234655145244214,-0.0408197792161202,0.0411133008662266,-0.0753106272982839,0.0685100557476441,-0.0958686387765668,0.0840070972845416,0.523935771096994,0.476064228903006,FALSE,FALSE,-0.00318460366627526
"Bootstrap residual SVAR(2)",22,0.000130371569699593,0.00228875784962793,-0.0409955840822566,0.0411124785051227,-0.0757967512663481,0.0686014466237083,-0.0962612527103081,0.0843719109579706,0.523685658546346,0.476314341453654,FALSE,FALSE,-0.00326427941408814
"Bootstrap residual SVAR(2)",23,0.0000766741630003593,0.00229104692004068,-0.0411005508847668,0.0411345382588655,-0.0761176773049148,0.0686669909512881,-0.0967214482614668,0.0844456197541977,0.523485568505828,0.476514431494172,FALSE,FALSE,-0.00333005370043723
"Bootstrap residual SVAR(2)",24,0.0000277776778351104,0.00227313335156062,-0.041194002392339,0.0411591350548141,-0.0763955886417644,0.0686882222704267,-0.0970520700646701,0.084620878005774,0.523435545995698,0.476564454004302,FALSE,FALSE,-0.003384353558198
