"metodo","horizonte","mediana","p05","p95","prob_positivo","significativo_90"
"Bootstrap residual SVAR(2)",0,0.0192783224068624,-0.0104761353169887,0.0441891958711622,0.858586363863739,FALSE
"Bootstrap residual SVAR(2)",1,0.00872649344611438,-0.0338193644100971,0.0442025378113366,0.641538692411585,FALSE
"Bootstrap residual SVAR(2)",3,0.0128641683254528,-0.0412834718812017,0.0574008421573712,0.665249362212996,FALSE
"Bootstrap residual SVAR(2)",6,0.00631528597152517,-0.0567441670508729,0.0607913310453602,0.571757290780851,FALSE
"Bootstrap residual SVAR(2)",12,0.00320371035434082,-0.0687792978279559,0.0660870932200488,0.535591015957181,FALSE
"Bootstrap residual SVAR(2)",24,0.00227313335156062,-0.0763955886417644,0.0686882222704267,0.523435545995698,FALSE
"Erro de mensuração Bets — 10% do DP",0,0.0198731953358539,0.0171378041558234,0.0226235575934226,1,TRUE
"Erro de mensuração Bets — 10% do DP",1,0.00797639920180561,0.00314281360757422,0.0127641728439928,0.9961,TRUE
"Erro de mensuração Bets — 10% do DP",3,0.0110052596869476,0.00518553239462553,0.0167582671896074,0.9993,TRUE
"Erro de mensuração Bets — 10% do DP",6,0.00413694830877616,-0.00349919610513848,0.0117983763813114,0.8098,FALSE
"Erro de mensuração Bets — 10% do DP",12,-0.000929601296222437,-0.0107888914296849,0.00909198578292929,0.4365,FALSE
"Erro de mensuração Bets — 10% do DP",24,-0.00324156811331016,-0.0140991750821047,0.00787729982944943,0.314,FALSE
"Sign restrictions",0,0.0275910184095231,-0.0423442874141153,0.0821925658363334,0.7236,FALSE
"Sign restrictions",1,0.0120959669072302,-0.0678026883880267,0.0847993327676246,0.5802,FALSE
"Sign restrictions",3,0.00459997355457417,-0.0951386303504309,0.0999477857317468,0.527,FALSE
"Sign restrictions",6,-0.00209698037983765,-0.125452718105599,0.119382955416293,0.491,FALSE
"Sign restrictions",12,-0.00564213560853706,-0.155237246403742,0.144942219837126,0.4788,FALSE
"Sign restrictions",24,-0.00747221538627284,-0.168767724963979,0.156754094058315,0.4766,FALSE
