data,inad_pf_10sm,inad_pf_total,inad_recursos_livres_total,inad_cheque_especial,inad_credito_pessoal_nao_consignado,inad_composicao_dividas,inad_consignado_privado,inad_nao_consignado_com_garantia,inad_nao_consignado_sem_garantia,selic_fim_mes,selic_media_mensal,ipca,bets_ggr_nominal_r_bi,desemprego,renda,endividamento,comprometimento_juros,serasa_inadimplentes_milhoes,serasa_populacao_adulta_pct,serasa_dividas_negativadas_r_bilhoes,serasa_divida_media_r,juros_pessoal_nao_consignado_am,juros_cartao_total_am,juros_cartao_rotativo_am,juros_cheque_especial_am,juros_consignado_am,juros_veiculos_am,juros_pessoal_nao_consignado_aa,juros_cartao_total_aa,juros_cartao_rotativo_aa,juros_cheque_especial_aa,juros_consignado_aa,juros_veiculos_aa,indice_precos,renda_real,bets_ggr_real_r_bi,crescimento_bets_real_mensal_pct,gap_inad_10sm_total_pp,bets_intensidade_idx
2021-01-01,3.49853626038371,2.9299999999999997,4.2,11.4,5.33,11.33,4.24,,,2,2,0.25,0.6252904672079608,14.4,,25.84,22.17,61.669349,39.325318480572776,239.956943208549,3891.024424605958,5.25,3.8699999999999997,12.92,6.8,1.45,1.55,84.78437871670259,57.718115572415044,329.78418818354703,120.21912479431656,18.856959535234342,20.270504548765487,100,,0.8304257709699958,,0.5685362603837101,
2021-02-01,3.55845966139606,2.9699999999999998,4.13,10.43,5.28,12.01,4.24,,,2,2,0.8600000000000001,0.6814702424888597,14.6,,25.939999999999998,21.97,61.555021000000004,39.22229945400768,240.515413655539,3907.324045191033,5.23,3.9899999999999998,12.860000000000001,7.01,1.45,1.53,84.36345776162375,59.918585034827075,327.05179456641986,125.47187100280262,18.856959535234342,19.98656880449343,100.85999999999999,,0.8973191643072799,7.747306548877003,0.5884596613960604,
2021-03-01,3.50059573532841,2.92,4.09,9.78,5.34,12.84,4.2,,,2.75,2.338709677419355,0.93,0.702998988490664,14.9,,26,22.32,62.557333,39.83037711972252,244.207128550659,3903.73305317634,5.2700000000000005,4.07,13.05,6.88,1.45,1.58,85.20618042671633,61.401161130683924,335.7594360150753,122.20679817644884,18.856959535234342,20.697563152516363,101.797998,,0.9171375473033769,2.1845846243391502,0.5805957353284099,
2021-04-01,3.55520881354681,2.9499999999999997,4.1,9.44,5.41,13.639999999999999,4.1,,,2.75,2.75,0.31,0.7835096640148719,14.8,,26.27,22.39,62.981572,40.069716767615276,248.020286587939,3937.9818367813846,5.319999999999999,4.08,13.06,6.970000000000001,1.49,1.62,86.26454900432863,61.587366362656404,336.2222098320043,124.46257958980466,19.420539844210793,21.269136978970437,102.11357179380002,,1.019013413297827,10.533273826584367,0.6052088135468101,
2021-05-01,3.63808919411648,3.01,4.17,9.75,5.28,14.209999999999999,4.09,,,3.5,3.379032258064516,0.8300000000000001,0.8265671560184805,14.7,,26.91,22.779999999999998,62.558805,39.7701979901388,249.57385522146,3989.4281104228257,5.05,3.92,12.92,6.91,1.45,1.62,80.61452816394382,58.631582510094546,329.78418818354703,122.95640574927202,18.856959535234342,21.269136978970437,102.96111443968854,,1.066163769916248,4.523202690811804,0.6280891941164803,
2021-06-01,3.54985718448763,2.9099999999999997,4.1,9.450000000000001,5.2,12.96,4.03,,,4.25,3.85,0.53,0.8134448727411903,14.2,,27.39,22.959999999999997,62.509432,39.70830399782403,245.93557871197,3934.3755149138137,5.01,3.9099999999999997,12.91,7.02,1.44,1.6400000000000001,79.79098086636884,58.448502079205426,329.32767924117775,125.72484301629765,18.716445930056036,21.55585335595136,103.50680834621889,,1.043706094555412,-2.128901305759822,0.6398571844876302,
2021-07-01,3.60632246313311,2.94,4.159999999999999,11.350000000000001,5.08,13.15,4.08,,,4.25,4.25,0.9600000000000001,0.8658656606249487,13.7,,27.84,23.27,62.223742,39.52682464609119,244.882122433001,3935.5094142843577,4.87,3.9,12.950000000000001,6.95,1.45,1.6700000000000002,76.93559712078543,58.2656153562505,331.15638611209795,123.9594884739911,18.856959535234342,21.987093185571062,104.50047370634262,,1.1004017383315527,5.289739859244417,0.6663224631331102,
2021-08-01,3.62645739542101,2.96,4.2,10.17,5.17,13.07,4.1,,,5.25,5.120967741935484,0.8700000000000001,0.8967577025069029,13.2,,28.73,23.630000000000003,62.248755,39.51516268060838,244.57115357577,3928.9324513521597,5.01,3.9099999999999997,13.04,7,1.45,1.72,79.79098086636884,58.448502079205426,335.2971122676883,125.21915889608249,18.856959535234342,22.708943813753102,105.4096278275878,,1.1298319357283717,2.639356242500976,0.66645739542101,
2021-09-01,3.65320237658436,3.01,4.29,10,5.13,12.629999999999999,4.18,,,6.25,5.516666666666667,1.1599999999999997,0.920131769594576,12.7,,29.47,24.51,62.21027,39.463213812204444,245.39762536271,3944.648132257101,4.89,3.9899999999999998,13.11,7.17,1.46,1.8,77.34094768289219,59.918585034827075,338.5428439104743,129.55077774762262,18.997625578845923,23.87205315755283,106.63237951038782,,1.145987646170896,1.4197946059845714,0.6432023765843602,
2021-10-01,3.69237125086929,2.9899999999999998,4.31,9.719999999999999,5.159999999999999,12.99,4.18,,,7.75,6.443548387096774,1.25,0.9884769949971295,12.1,,30,25.150000000000002,63.405043,40.19308783065821,253.658626081959,4000.606483019955,5.1899999999999995,4.07,13.19,7.119999999999999,1.51,1.86,83.5242514302764,61.401161130683924,342.27940742867213,128.26891158143604,19.70324763949605,24.751007606933605,107.96528425426764,,1.2159100397940896,5.922596209594047,0.7023712508692901,
2021-11-01,3.75265618672492,3.01,4.34,10.02,5.01,13.360000000000001,4.24,,,7.75,7.75,0.9500000000000001,0.9538259657180348,11.6,,30.6,25.45,64.26967,40.71278358955872,257.882220581078,4012.502640531342,5.23,3.9899999999999998,13.219999999999999,7.17,1.55,2.04,84.36345776162375,59.918585034827075,343.6881263246061,129.55077774762262,20.270504548765487,27.422288066567436,108.9909544546832,,1.1622450247071208,-4.513929953782273,0.7426561867249202,
2021-12-01,3.79645611176619,3.05,4.45,11.51,5.21,12.66,4.63,,,9.25,8.862903225806452,0.73,0.9416605155963803,11.1,2835,31.03,25.58,63.970854,40.495240878866284,251.949936802298,3938.511385236439,5.2700000000000005,4.03,13.3,7.109999999999999,1.6300000000000001,2,85.20618042671633,60.658305428142945,347.4648425696947,128.013327102347,21.412417585058652,26.824179456254548,109.7865884222024,2835,1.1391058479188703,-2.010989012002193,0.7464561117661903,100
2022-01-01,4.01692577723016,3.2600000000000002,4.72,10.92,5.51,13.29,5,,,9.25,9.25,0.54,1.0004647475327373,11.2,,31.21,26.02,64.817442,41.00254145451268,260.729531726469,4022.52115605656,5.01,4.24,13.27,7.02,1.75,2,79.79098086636884,64.59355763057593,346.04513421101643,125.72484301629765,23.14393149447924,26.824179456254548,110.37943599968229,,1.203739828454838,5.518962349579187,0.7569257772301596,
2022-02-01,4.23478722755352,3.38,4.81,11.08,5.57,12.88,4.8,,,10.75,10.642857142857142,1.01,1.0903523879821755,11.2,,31.1,25.650000000000002,65.169146,41.196273014041324,263.418612402509,4042.0755613785236,5.18,4.52,13.46,7.28,1.74,1.98,83.31499770990067,69.97803825334987,355.1068274111019,132.3941428581045,22.998778799825082,26.526091226523228,111.4942683032791,,1.2987732881959524,7.598696029625604,0.85478722755352,
2022-03-01,4.28160728637656,3.4499999999999997,4.94,11.12,6,13.2,4.85,,,11.75,11.233870967741936,1.62,1.1247983815850624,11.1,,31.14,25.4,65.693982,41.49907768220885,265.81813192022,4046.308715465292,5.4,4.55,13.54,7.1,1.78,2.02,87.96947590082831,70.56442159492391,358.9725145174329,127.75800496908035,23.580332236181256,27.122911315225238,113.30047544979222,,1.3184448285565995,1.5032687328574157,0.8316072863765602,
2022-04-01,4.36890420514397,3.54,5.13,11.11,6.1899999999999995,14.18,4.84,,,11.75,11.75,1.06,1.253615462423795,10.5,,31.34,25.6,66.13267,41.74705396091678,271.629000268546,4107.334548394099,5.22,4.6899999999999995,13.639999999999999,7.29,1.81,2.03,84.15332704450664,73.32547443928989,363.8469450306732,132.65422487492998,24.01815021066387,27.27251900031704,114.50146048956002,,1.4540265096041514,9.788372929747513,0.8289042051439699,
2022-05-01,4.47537264700292,3.65,5.35,11.51,6.609999999999999,14.950000000000001,4.970000000000001,,,12.75,12.620967741935484,0.47000000000000003,1.3225074496295688,9.8,,31.29,25.45,66.579818,41.99999581134372,278.270926079969,4179.508662519458,5.319999999999999,4.7,13.739999999999998,7.1,1.82,2.02,86.26454900432863,73.52425166173148,368.7687875906595,127.75800496908035,24.164405198757578,27.122911315225238,115.03961735386092,,1.526756259463339,4.88087818390191,0.8253726470029199,
2022-06-01,4.41542281858721,3.57,5.34,11.56,6.859999999999999,14.46,4.67,,,13.25,13,0.6699999999999999,1.3015117963859044,9.3,,31.36,25.959999999999997,66.818625,42.12122531337778,281.428834910793,4211.832178689595,5.37,4.81,13.77,7.1499999999999995,1.85,2.04,87.3284590288707,75.72463576709683,370.25464824171263,129.0372415450081,24.604119325578665,27.422288066567436,115.8103827901318,,1.4925181538473657,-2.2680663381601294,0.8454228185872101,
2022-07-01,4.61273796397809,3.71,5.56,11.61,7.2,14.88,4.51,,,13.25,13.25,-0.6799999999999999,1.385385056999918,9.1,,31.5,26.5,67.632289,42.604384327197046,287.657577138793,4253.25804274927,5.33,5.119999999999999,14.26,7.09,1.8800000000000001,2.05,86.47688685145813,82.064061419655,395.1429920527441,127.50294493680761,25.04526046253146,27.572218672216486,115.0228721871589,,1.599577555125845,6.927483674538132,0.9027379639780904,
2022-08-01,4.71804792069806,3.7800000000000002,5.72,12.53,7.59,14.850000000000001,5.4,,,13.75,13.701612903225806,-0.36000000000000004,1.4348123240110446,8.9,,31.419999999999998,26.91,67.976241,42.78900901702653,289.460282399332,4258.256681173824,5.2700000000000005,5.24,14.350000000000001,7.13,1.8800000000000001,2.04,85.20618042671633,84.57380824937665,399.8434751722783,128.52475865138143,25.04526046253146,27.422288066567436,114.6087898472851,,1.6626321804677455,3.8662431097774617,0.9380479206980601,
2022-09-01,4.77321395376005,3.8,5.8,12.739999999999998,7.75,15.05,5.359999999999999,,,13.75,13.75,-0.29000000000000004,1.4722108313513216,8.7,,31.39,27.17,68.388049,43.01600920512249,295.738608945323,4324.419445644999,5.1,5.29,14.18,7.35,1.9,2.02,81.64882473895545,85.62886456674035,390.9988376913628,134.22032823953023,25.340149415222534,27.122911315225238,114.276424356728,,1.7109305306123406,2.8635395020908283,0.9732139537600499,
2022-10-01,4.92031479690388,3.8899999999999997,5.91,12.53,7.89,15.450000000000001,4.35,,,13.75,13.75,0.59,1.5815631919954072,8.3,,31.59,27.21,69.05664,43.40403662347581,301.499852890932,4365.9791859397155,5.1899999999999995,5.56,14.53,7.319999999999999,2.06,2.03,83.5242514302764,91.42232136148975,409.36737932379606,133.43607264912157,27.722310975643904,27.27251900031704,114.95065526043267,,1.8272337503645149,6.576581893634204,1.0303147969038804,
2022-11-01,4.9203769415316,3.92,5.92,12.65,8.06,14.7,4.359999999999999,,,13.75,13.75,0.41000000000000003,1.5261215451488557,8.1,,31.439999999999998,27.32,69.834751,43.86023841702933,311.029293531363,4453.789683181702,5.319999999999999,5.73,14.28,7.33,1.96,2.06,86.26454900432863,95.15459728809599,396.1840281864874,133.69722331166992,26.22864536512617,27.722310975643904,115.42195294700046,,1.7559806094939643,-3.9775758670321126,1.0003769415316004,
2022-12-01,4.97136590473348,3.94,6.02,13.55,8.139999999999999,16.150000000000002,4.6,,,13.75,13.75,0.62,1.5066568249542085,7.9,2890,31.16,27.57,69.429316,43.57294926001508,312.009398463303,4493.914335311945,5.109999999999999,5.5,14.58,7.2700000000000005,1.98,2.12,81.8563344406638,90.1207485759007,412.0422708554642,132.13432738079698,26.526091226523228,28.626269336439258,116.13756905527185,2890,1.7229021879770932,-1.9017265228604474,1.0313659047334798,148.3719353297978
2023-01-01,5.1025349353116,4.109999999999999,6.22,13.4,8.27,16.97,3.88,,,13.75,13.75,0.53,1.8118829415150306,8.4,,31.2,27.67,70.092977,43.95650944926984,323.288672147253,4612.28336966274,5.22,5.54,14.65,7.23,1.99,2.15,84.15332704450664,90.98755901178957,415.8087544024727,131.0977259029095,26.675054966592704,29.080444308427712,116.7530981712648,,2.0610130087285254,17.918742624720906,0.9925349353116006,
2023-02-01,5.19803252473917,4.159999999999999,6.25,12,8.15,16.97,3.8099999999999996,,,13.75,13.75,0.8400000000000001,1.7648426085801565,8.6,,30.939999999999998,27.69,70.526944,44.19552866374672,326.665062889906,4631.7767985226465,5.34,5.819999999999999,14.739999999999998,7.37,1.99,2.14,86.68944656665604,97.1574018437525,420.6886926259659,134.74450630279588,26.675054966592704,28.928889574814786,117.73382419590342,,1.9907821594983526,-3.467000725265057,1.0380325247391706,
2023-03-01,5.15642912808393,4.109999999999999,6.1899999999999995,12.4,8.139999999999999,16.3,3.79,,,13.75,13.75,0.71,2.3105104706246955,8.8,,30.810000000000002,27.71,70.707397,44.275414865609214,334.560825705675,4731.624128458229,5.4,5.88,14.97,7.2,1.97,2.12,87.96947590082831,98.5030534121295,433.3525506176902,130.32306131113796,26.37728807850257,28.626269336439258,118.56973434769435,,2.5879334541953827,26.233205660293635,1.0464291280839308,
2023-04-01,5.31078105588949,4.26,6.35,12.629999999999999,8.15,17.36,3.88,,,13.75,13.75,0.61,2.0941249391242747,8.5,,30.7,27.810000000000002,71.439576,44.70037186062103,340.566466107723,4767.196072212452,5.609999999999999,6.109999999999999,15.219999999999999,7.319999999999999,1.94,2.11,92.51319931197611,103.73975257728799,447.43738277094326,133.43607264912157,25.931840613381894,28.475203512534296,119.29300972721529,,2.331345306367762,-10.4414177429055,1.0507810558894901,
2023-05-01,5.40570290091015,4.35,6.470000000000001,13.11,8.11,18.2,4.07,,,13.75,13.75,0.23,2.3127241333510424,8.3,,30.9,27.959999999999997,71.903574,44.95698430684084,345.757431083406,4808.626495859663,5.56,6.03,15.33,7.22,1.93,2.08,91.42232136148975,101.90409943227743,453.74205021486176,130.8392394021349,25.783678260898736,28.02298131005152,119.56738364958787,,2.56879895988457,9.699297322746336,1.0557029009101502,
2023-06-01,5.26094318911769,4.25,6.42,12.96,8.08,18.93,4.05,,,13.75,13.75,-0.08,2.1151547350245714,8,,30.49,27.779999999999998,71.453534,44.64211750288807,346.274525823646,4846.149748501536,5.55,5.94,15.01,7.359999999999999,1.94,2,91.20482691365596,99.85711925749187,435.5835645991185,134.48228300425345,25.931840613381894,26.824179456254548,119.4717297426682,,2.3512348104563636,-8.84978174769281,1.0109431891176897,
2023-07-01,5.29259344790162,4.22,6.31,13.209999999999999,7.89,18.04,4.1,,,13.75,13.75,0.12000000000000001,2.100212511621729,7.9,,30.16,27.330000000000002,71.419039,44.58711980642262,351.664991925528,4923.967010050751,5.609999999999999,5.85,15.11,7.2700000000000005,1.9,1.95,92.51319931197611,97.82917882153774,441.19857824674284,132.13432738079698,25.340149415222534,26.08016292912825,119.61509581835941,,2.331826639451261,-0.8288715545970327,1.0725934479016201,
2023-08-01,5.17363152731205,4.119999999999999,6.2,12.29,7.55,17.71,4.21,,,13.25,13.28225806451613,0.23,2.1793509540886347,7.8,,30.310000000000002,26.89,71.739068,44.752297618048914,355.017320116138,4948.730587301999,5.609999999999999,5.819999999999999,15.19,7.26,1.87,1.96,92.51319931197611,97.1574018437525,445.72938520807287,131.87477819465937,24.89805460062353,26.22864536512617,119.89021053874166,,2.4141400486809363,3.469121032065703,1.0536315273120511,
2023-09-01,5.0560119909328,4,6.07,11.93,7.29,17.150000000000002,5.25,,,12.75,13.083333333333334,0.26,1.996723779165006,7.7,,30.14,26.779999999999998,71.822149,44.76948850806541,366.811893802259,5107.225262812159,5.55,5.819999999999999,15.11,7.34,1.86,1.94,91.20482691365596,97.1574018437525,441.19857824674284,133.95864175860578,24.751007606933605,25.931840613381894,120.20192508614237,,2.2061019449078962,-9.011600386382245,1.0560119909327996,
2023-10-01,4.9453166073997,3.9699999999999998,6.05,12.8,7.109999999999999,17.310000000000002,5.430000000000001,,,12.75,12.75,0.24000000000000002,2.1638553150042057,7.6,,30.18,26.79,71.952514,44.81607189325555,376.869962585717,5237.759483785612,5.470000000000001,5.71,15.18,7.25,1.85,1.96,89.4730089872994,94.71207004511956,445.16113912064117,131.61549505155202,24.604119325578665,26.22864536512617,120.49040970634908,,2.3850349528619885,7.798664719717596,0.9753166073997006,
2023-11-01,4.80787400708474,3.88,5.91,15.6,6.83,16.91,5.75,,,12.25,12.266666666666667,0.2800000000000001,2.3038694824456543,7.5,,30.19,26.49,71.80892,44.69204579469437,378.001358498258,5263.988909710075,5.67,5.53,15,7.28,1.84,1.94,93.8297738641144,90.77051744134921,435.02501054737064,132.3941428581045,24.457389600813293,25.931840613381894,120.82778285352686,,2.532270386846359,5.99025069135627,0.92787400708474,
2023-12-01,4.65406306273211,3.75,5.73,13.629999999999999,6.75,15.69,5.94,,,11.75,11.959677419354838,0.56,1.846748129454996,7.4,3106,29.86,25.84,71.102439,44.21812416845493,367.928095927979,5174.619901969593,5.68,5.45,15.129999999999999,7.109999999999999,1.84,1.91,94.05000366461833,89.04230712435437,442.32803574250636,128.013327102347,24.457389600813293,25.487832818461076,121.50441843750663,3106,2.0185272063058206,-22.674814673750234,0.90406306273211,161.74174999643176
2024-01-01,4.63713961977412,3.7600000000000002,5.7,12.88,6.63,16.34,6.31,,,11.75,11.75,0.42000000000000004,2.6,7.6,,30.130000000000003,25.72,72.069816,44.785059223653775,382.831796880968,5311.957461927861,5.5,5.2,14.709999999999999,7.02,1.83,1.95,90.1207485759007,83.7337240873239,419.0573643387585,125.72484301629765,24.31081827702972,26.08016292912825,122.01473699494416,,2.8299585235676785,33.78939158675711,0.8771396197741201,
2024-02-01,4.60219713876511,3.7600000000000002,5.659999999999999,12.129999999999999,6.49,16.759999999999998,6.659999999999999,,,11.25,11.25,0.8300000000000001,2.6,7.8,,30.110000000000003,25.830000000000002,72.039263,44.73143941395502,382.259927082958,5306.2720406087155,5.58,5.28,14.58,7.2700000000000005,1.8,1.93,91.85799075414536,85.41741208817292,412.0422708554642,132.13432738079698,23.87205315755283,25.783678260898736,123.02745931200218,,2.8066632188512135,-0.826574441703265,0.8421971387651097,
2024-03-01,4.56192929173044,3.71,5.58,12.04,6.44,16.87,6.68,,,10.75,11.07258064516129,0.16,2.7,7.9,,29.99,26.130000000000003,72.894821,45.22765873658212,387.267974045516,5312.695315425989,5.78,5.359999999999999,14.75,7.109999999999999,1.77,1.91,96.26495189983648,87.1152324443614,421.2335122401872,128.013327102347,23.434708058214436,25.487832818461076,123.22430324690139,,2.9099558747919776,3.614160661915,0.85192929173044,
2024-04-01,4.58524758234072,3.75,5.63,11.51,6.48,17.72,6.5,,,10.75,10.75,0.38,2.9,7.5,,29.9,26.130000000000003,73.419784,45.51811860799306,394.296408995579,5370.438150506939,5.76,5.2700000000000005,14.79,7.21,1.77,1.91,95.82011699182932,85.20618042671633,423.41802042987047,130.58101795391127,23.434708058214436,25.487832818461076,123.69255559923963,,3.1136761922829304,6.766616574344875,0.8352475823407204,
2024-05-01,4.61495125403958,3.82,5.72,12.129999999999999,6.53,17.979999999999997,6.53,,,10.5,10.564516129032258,0.46,3.1,7.1,,29.84,26.02,72.535353,44.93498960497402,394.977376064462,5445.3085251334205,5.75,5.24,14.77,7.26,1.75,1.91,95.59804628789621,84.57380824937665,422.32471947686986,131.87477819465937,23.14393149447924,25.487832818461076,124.26154135499611,,3.313171890708632,6.21019221648651,0.7949512540395802,
2024-06-01,4.51174766709985,3.71,5.59,12.370000000000001,6.48,17.85,6.53,,,10.5,10.5,0.21000000000000002,3.3,6.9,,29.85,26.38,72.501132,44.87902064636084,397.47266574121,5482.295996995053,5.74,5.26,14.89,7.24,1.76,1.91,95.37620645939444,84.99516937271754,428.916058939548,131.35647770354328,23.2892411958175,25.487832818461076,124.5224905918416,,3.519533894736693,6.0422558899187795,0.8017476670998498,
2024-07-01,4.5203338908392,3.7800000000000002,5.6499999999999995,12.11,6.59,18.39,6.72,,,10.5,10.5,0.38,3.5,6.8,,30.03,26.53,72.664146,44.94510089178833,390.458054451211,5373.462373743593,5.91,5.1,14.950000000000001,7.25,1.75,1.91,99.17903156816787,81.64882473895545,432.24024121529385,131.61549505155202,23.14393149447924,25.487832818461076,124.9956760560906,,3.7187078892868994,5.5047701784237235,0.7403338908391994,
2024-08-01,4.50771277126899,3.82,5.6499999999999995,11.8,6.5,18.35,6.659999999999999,,,10.5,10.5,-0.02,3.6,6.6,,30.150000000000002,26.73,72.46254,44.78801791059872,390.58569383803,5390.173927632539,5.74,5.109999999999999,14.850000000000001,7.3,1.74,1.93,95.37620645939444,81.8563344406638,426.7105221294914,132.91457367982983,22.998778799825082,25.783678260898736,124.97067692087938,,3.825721830489766,2.8370896969363235,0.6877127712689899,
2024-09-01,4.46585877021651,3.8299999999999996,5.6899999999999995,13.25,6.49,18.130000000000003,6.83,,,10.75,10.6,0.44,4.1,6.4,,30.12,26.49,72.641926,44.86644784888689,395.113920894532,5439.199407991082,5.6899999999999995,5.2,15.06,7.430000000000001,1.75,1.91,94.2704628168449,83.7337240873239,438.3843613343065,136.3234993317884,23.14393149447924,25.487832818461076,125.52054789933125,,4.337984950940318,12.5662779946905,0.6358587702165104,
2024-10-01,4.39970963234324,3.79,5.59,11.69,6.41,18.07,7.819999999999999,,,10.75,10.75,0.56,4.2,6.2,,30.17,26.39,73.10399,45.11920228370444,402.388499228943,5504.33019085474,5.819999999999999,5.08,15.07,7.4,1.77,1.94,97.1574018437525,81.234456341061275,438.9461292360688,135.53278990467783,23.434708058214436,25.931840613381894,126.2234629675675,,4.419042822134908,1.851317328516,0.6097096323432396,
2024-11-01,4.34811550738174,3.75,5.470000000000001,11.31,6.37,17.810000000000002,7.46,,,11.25,11.15,0.39,4.3,6.1,,30.279999999999998,26.39,73.788794,45.508938184184785,410.140444698774,5558.3025885851175,5.92,5.1,15.19,7.5,1.77,1.97,99.40482611020865,81.64882473895545,445.72938520807287,138.1779599026594,23.434708058214436,26.37728807850257,126.71573447314103,,4.506682067361124,1.96380826948499,0.5981155073817401,
2024-12-01,4.27093014257135,3.63,5.4,12.65,6.46,18.04,7.39,,,12.25,11.89516129032258,0.52,4.2,6.2,3195,30.3,26.8,73.512252,45.30560293824243,404.074031364152,5496.689604396176,6.09,4.91,15.29,7.37,1.81,2.05,103.27941064604018,77.74714933383746,451.44178363112337,134.74450630279588,24.01815021066387,27.572218672216486,127.37465629240138,3195,4.379104165991894,-2.8717024097494104,0.6409301425713503,341.117024846601
2025-01-01,4.59083074987529,3.8899999999999997,5.74,13.06,7.09,19.57,8.06,,,13.25,12.314516129032258,0.16,3.3,6.5,,30.52,26.71,74.602914,45.9445317445407,419.04470610023,5617.001851968275,5.94,5.02,15.28,7.4,1.8900000000000001,2.18,99.85711925749187,79.99654434949318,450.86808725845356,135.53278990467783,25.192625348678234,29.536088884774504,127.57845574246922,,3.435228336512354,-24.276077818058518,0.7008307498752906,
2025-02-01,4.71085304057103,3.96,5.81,13.02,7.37,18.97,7.970000000000001,,,13.25,13.25,1.31,3.9,6.8,,30.45,26.85,75.003387,46.15775859282648,437.831537490825,5837.490212153019,6.22,5.34,15.360000000000001,7.6499999999999995,1.91,2.15,106.28875984128818,86.68944656665604,455.47301862651966,142.19680509704494,25.487832818461076,29.080444308427712,129.2497335126956,,4.007319422354482,15.403914758567128,0.7508530405710303,
2025-03-01,4.73372662783816,4.03,5.91,12.6,7.319999999999999,18,7.74,,,14.25,13.637096774193548,0.56,4,7,,30.62,26.959999999999997,75.769531,46.59552289217403,438.982953193023,5793.660689189471,6.18,5.42,15.39,7.2700000000000005,1.94,2.12,105.35848515407883,88.39793686427294,457.20894575302407,132.13432738079698,25.931840613381894,28.626269336439258,129.97353202036666,,4.087182977739514,1.9733429690389492,0.7037266278381598,
2025-04-01,4.94828344775492,4.25,6.21,12.94,7.67,19.21,7.17,,,14.25,14.25,0.4300000000000001,4.6,6.6,,30.68,27.12,76.638531,47.09583156108621,457.433103154,5968.709175205876,6.2,5.470000000000001,15.39,7.470000000000001,2.01,2.08,105.82314071719256,89.4730089872994,457.20894575302407,137.38156380272466,26.97346485319145,28.02298131005152,130.53241820805425,,4.680135840287205,13.547116095800238,0.6982834477549202,
2025-05-01,5.10299698603795,4.359999999999999,6.38,13.68,7.91,18.77,6.81,,,14.75,14.637096774193548,0.26,4.8,6.2,,30.58,27.19,77.07228,47.3281103034737,465.280932598,6036.9426283743,6.13,5.619999999999999,15.44,7.38,2,2.05,104.20104993481752,92.73205755126396,460.1132120761278,135.0069983853859,26.824179456254548,27.572218672216486,130.8718024953952,,4.870955522896683,3.9962988571530023,0.7429969860379506,
2025-06-01,5.11482774074987,4.41,6.5,13.96,8.25,18.919999999999998,6.56,,,15,14.85,0.24000000000000002,4.4,5.8,,30.53,27.17,77.874599,47.78618724232258,477.235509303,6128.25639465572,6.31,5.59,15.34,7.41,2,2.05,108.39601873482584,92.0761661289674,454.3184895128004,135.79608984288848,26.824179456254548,27.572218672216486,131.18589482138412,,4.4543521175731176,-8.94085015893511,0.7048277407498702,
2025-07-01,5.3162489277647,4.659999999999999,6.73,15.09,8.66,19.88,6.17,,,15,15,0.26,4.7,5.6,,30.52,27.32,78.161185,47.92733279183709,482.859604049,6177.741599605993,6.1499999999999995,5.51,15.31,7.5,1.98,2.03,104.6633045209791,90.33711243749019,452.5908197534419,138.1779599026594,26.526091226523228,27.27251900031704,131.52697814791972,,4.745719074178422,6.336134194453158,0.6562489277647003,
2025-08-01,5.44686063386247,4.92,6.970000000000001,14.97,9.129999999999999,20.64,5.42,,,15,15,-0.11,4.9,5.6,,30.610000000000003,27.55,78.848843,48.31521840435231,494.109997012,6266.547208714273,6.119999999999999,5.58,15.33,7.5,1.99,2.03,103.97028171519231,91.85799075414536,453.74205021486176,138.1779599026594,26.675054966592704,27.27251900031704,131.382298471957,,4.953112990986738,4.277330184460104,0.5268606338624702,
2025-09-01,5.37128163351957,4.89,6.89,14.44,8.78,19.610000000000003,5.17,,,15,15,0.48000000000000004,4.5,5.6,,30.69,27.77,79.166952,48.476246927706455,496.66958279200003,6273.69843406375,5.99,5.57,15.229999999999999,7.6,2,2.03,100.99196951534223,91.64004257001672,448.00780329829985,140.85033569382674,26.824179456254548,27.27251900031704,132.0129335046224,,4.527047409056999,-8.99463250721042,0.4812816335195702,
2025-10-01,5.48172854344578,4.99,6.859999999999999,15.79,8.92,19.73,5.1499999999999995,,,15,15,0.08999999999999998,5.1,5.4,,30.99,27.919999999999998,80.436532,49.219227565150234,509.176292172,6330.162172730172,6,5.619999999999999,15.209999999999999,7.53,2.02,2.04,101.21964718355514,92.73205755126396,446.8675065615446,138.97680450952015,27.122911315225238,27.422288066567436,132.13174514477654,,5.126040293999999,12.426354771116998,0.4917285434457801,
2025-11-01,5.52041566816133,5.119999999999999,6.94,15.82,8.91,19,5.02,235,1210,15,15,0.18000000000000002,4.6,5.2,,31.14,27.919999999999998,80.609866,49.29081491561739,511.525401763,6345.692247683429,6.44,5.67,15.239999999999998,7.59,2.02,2.01,111.47468685963604,93.8297738641144,448.5787686162202,140.58186662773755,27.122911315225238,26.97346485319145,132.36958228603714,,4.61518,-10.498261817661003,0.40041566816133045,
2025-12-01,5.48427973478273,5.119999999999999,7.06,17.330000000000002,9.16,19.37,5.51,249,1218,15,15,0.32999999999999996,4.6,5.1,3367,31.16,28.12,81.248016,49.64629678557462,518.55522155,6382.373959137661,6.6499999999999995,5.46,15.129999999999999,7.53,2.02,1.97,116.5361034533138,89.2575457449974,442.32803574250636,138.97680450952015,27.122911315225238,26.37728807850257,132.80640190758106,3367,4.6,-0.32945669494302,0.36427973478273046,340.01940032676663
