"termo","estimativa_OLS","media_boot","erro_padrao_boot","ic95_inferior","ic95_superior"
"(Intercept)",0.0135850572473889,0.0159094575513733,0.0222172950272344,-0.0248896876469794,0.0621440925504836
"inad_L1",0.0683483181945643,0.0441570470464581,0.130230547797604,-0.204899596030631,0.307687493955836
"inad_L2",0.0670467660501327,0.0112012044585143,0.125105210468922,-0.231030270318846,0.253806758781007
"bets_L1",-0.0012278490340232,-0.00125576475404726,0.0014236052179293,-0.00407816225189288,0.00149297133153712
"bets_L2",-0.000217437355637045,-0.000297733276716088,0.00149148482700371,-0.00320569805501868,0.00259169722027463
"ibc_L1",-0.0164779839854544,-0.015881435379652,0.0128550393831439,-0.0409366638618154,0.00904045047103943
"ibc_L2",0.00517924879085724,0.00532358973913102,0.0128868229312508,-0.0201200131175971,0.0302140979108768
"ipca_L1",-0.0503810584348778,-0.0508465849308964,0.0342141253080795,-0.117127559443833,0.0162835175674894
"ipca_L2",0.0381129465664385,0.0366585829375135,0.0336608974608621,-0.0279752630505534,0.102148684387566
"selic_L1",0.0501922705018923,0.054515410172106,0.0260256406753886,0.00476684236735982,0.107342079253041
"selic_L2",0.0731797773302426,0.0770607449812413,0.0273328595754033,0.0247247697738793,0.130243150006241
