"horizonte_meses","resposta_delta_inad","delta_ic95_inf","delta_ic95_sup","resposta_nivel_inad","nivel_ic95_inf","nivel_ic95_sup"
0,0,0,0,0,0,0
1,-0.0012278490340232,-0.00407816225189288,0.00149297133153712,-0.0012278490340232,-0.00407816225189288,0.00149297133153712
2,-0.000301358772109351,-0.00334488852836749,0.00257351524005686,-0.00152920780613256,-0.00664250617761929,0.00309571775811865
3,-0.000102920672175888,-0.000758004576818925,0.000605897950301515,-0.00163212847830844,-0.00697036146709835,0.00326744361221813
4,-0.000027239585941447,-0.000463974656635086,0.000412404540992664,-0.00165936806424989,-0.00715230499385572,0.00335572088517205
5,-0.00000876227811651339,-0.0002061513596415,0.0000875345911019758,-0.0016681303423664,-0.00721989702679556,0.00340082606112877
6,-0.00000242521311873541,-0.000110885943938984,0.0000793420776571138,-0.00167055555548514,-0.00728559347273729,0.00341052556247387
7,-0.00000075324164887303,-0.0000503952055071179,0.0000322357942968539,-0.00167130879713401,-0.00730650908562906,0.00341249359483857
8,-0.000000214085496488138,-0.000026437951220286,0.0000198280902689476,-0.0016715228826305,-0.0073267813235537,0.00341347936228535
9,-0.0000000651348002460188,-0.000015848464523532,0.00000589395921298172,-0.00167158801743075,-0.00733205711680956,0.00341375094254055
10,-0.000000018805594250521,-0.00000787290716278908,0.00000513072350149634,-0.001671606823025,-0.00733642307864649,0.00341385758738564
11,-0.00000000565240845348942,-0.0000043116389347277,0.00000183513456603989,-0.00167161247543345,-0.00733838276873469,0.00341389291072133
12,-0.00000000164718688969314,-0.000002045645302453,0.00000141130068268967,-0.00167161412262034,-0.00733929984354427,0.00341390713118163
13,-0.000000000491558160863559,-0.00000124471294655942,0.000000412066110939879,-0.0016716146141785,-0.00733971705288496,0.00341391251388678
14,-0.000000000144035727623939,-0.000000583328032856305,0.000000371774263716612,-0.00167161475821423,-0.00733991103049951,0.00341391476492084
15,-0.0000000000428019847544791,-0.000000367182665029371,0.000000118111596278103,-0.00167161480101621,-0.00733999970985558,0.00341391568685467
16,-0.0000000000125825734062209,-0.000000160918728628632,0.000000105828858550932,-0.00167161481359879,-0.00734004080670764,0.00341391608273628
17,-0.00000000000372973238918976,-0.00000010538528585856,0.0000000324904515068949,-0.00167161481732852,-0.00734005964412512,0.00341391625138743
18,-0.00000000000109854179159243,-0.0000000474999780716532,0.0000000285015690950298,-0.00167161481842706,-0.00734006835874519,0.00341391632480168
19,-0.000000000000325149978849394,-0.0000000365755534421389,0.00000000871201770056275,-0.00167161481875221,-0.00734007235939831,0.00341391635664335
20,-0.0000000000000958771287125455,-0.0000000133916894399764,0.00000000797786295149159,-0.00167161481884809,-0.00734007420829715,0.00341391637058885
21,-0.0000000000000283532950639472,-0.00000000970833946325996,0.00000000254071378745675,-0.00167161481887644,-0.00734007505791681,0.00341391637668506
22,-0.00000000000000836615145124353,-0.00000000377868397637314,0.00000000196650633189402,-0.00167161481888481,-0.00734007545031041,0.00341391637936174
23,-0.00000000000000247280912235636,-0.0000000033640004386725,0.000000000648913732446196,-0.00167161481888728,-0.00734007563074923,0.00341391638053582
24,-0.000000000000000729935743820737,-0.00000000103826549861183,0.000000000614834160158245,-0.00167161481888801,-0.00734007571404642,0.00341391638105184
