"data","indice_original","indice_sim_1","indice_sim_2","indice_sim_3","bets_original","bets_sim_1"
2021-02-01,1,1.03584208369148,0.991433738869237,0.995094649802018,7.74730654887698,7.74730654887698
2021-03-01,1.02208621389625,0.995368363819887,1.03049114060034,1.01671084904377,2.18458462433919,-3.9857098791411
2021-04-01,1.13561980377907,1.19235090741456,1.11683766170617,1.25654503892242,10.5332738265844,18.0569306176982
2021-05-01,1.18816560742834,1.25056797671385,1.15684278577377,1.32000836231983,4.52320269081178,4.76709187501628
2021-06-01,1.16313808516632,1.2192365608869,1.12132178710203,1.15860712978795,-2.12890130575984,-2.53729363806246
2021-07-01,1.22632144960489,1.22650392841861,1.24854572843702,1.29287979925342,5.28973985924442,0.594289455692467
2021-08-01,1.25911936429062,1.26288098415222,1.27632885434977,1.21542528656555,2.63935624250102,2.92278186079702
2021-09-01,1.27712378354873,1.25452933558875,1.27642756011622,1.16660456057533,1.41979460598459,-0.663513543110651
2021-10-01,1.35504744371838,1.2562293567321,1.3186473113011,1.28889295555823,5.92259620959401,0.135418939967332
2021-11-01,1.2952415048489,1.24044064362024,1.34403149553757,1.24290732384862,-4.51392995378225,-1.26479859875843
2021-12-01,1.26945449649261,1.25736761173552,1.31040968898088,1.23764179709697,-2.01098901200221,1.35536642609952
2022-01-01,1.34148458690739,1.29920505487786,1.31080965011438,1.48395652371393,5.51896234957919,3.27322426680244
2022-02-01,1.44739278938569,1.35650674027248,1.38952390436138,1.61953024024026,7.59869602962562,4.31602407951406
2022-03-01,1.46931535734493,1.46004205968067,1.44223272554937,1.48580264133355,1.50326873285742,7.35524213310106
2022-04-01,1.62041174137481,1.60561273052209,1.64985569035592,1.54425903394572,9.7883729297475,9.50402039882168
2022-05-01,1.70146400544335,1.77732757615472,1.73726087747547,1.505128740528,4.88087818390193,10.1605427126355
2022-06-01,1.66330801036616,1.72874798588391,1.61884217809054,1.40185066980268,-2.26806633816015,-2.77134354949484
2022-07-01,1.78261829096306,1.91439958269769,1.79022107267028,1.60209313161958,6.92748367453816,10.2006600705893
2022-08-01,1.85288829950632,1.78446658348863,1.81077794680548,1.87648187532637,3.86624310977742,-7.02845018385665
2022-09-01,1.90671346235334,1.91523634413845,1.81924906460782,1.88006161202481,2.86353950209086,7.07214945292838
2022-10-01,2.03632533779118,2.0630146737461,2.013885557128,2.10027622256414,6.57658189363417,7.43273145610697
2022-11-01,1.95691865207132,1.88910504645749,2.08866605929998,2.10309442621763,-3.97757586703209,-8.80651503505588
2022-12-01,1.92005504452494,1.90523120011242,2.02757085157387,2.09636046071583,-1.90172652286046,0.850016957044713
2023-01-01,2.29685611397769,2.51986647001682,2.49154518508967,2.27230174512968,17.9187426247209,27.96025459279
2023-02-01,2.21858870141843,2.26948313130471,2.24849360857982,2.20422145722002,-3.46700072526503,-10.4653801924567
2023-03-01,2.88407242053416,2.70098780267281,2.94049620290425,2.76524628491831,26.2332056602936,17.406544883795
2023-04-01,2.59812271831677,2.63463134484132,2.50345824802736,2.55325058463863,-10.4414177429055,-2.48742938199095
2023-05-01,2.86274835316557,2.94688276083609,2.69176006377976,2.83640317908121,9.6992973227463,11.2004655293601
2023-06-01,2.62028819173999,2.72446579703185,2.36788258991899,2.73353191867597,-8.84978174769278,-7.84755493071127
2023-07-01,2.59865913066886,2.66892878605844,2.41679580318047,2.77662600400051,-0.828871554597033,-2.05951829258304
2023-08-01,2.69039171869758,2.85058858836803,2.70466458722994,2.74384055353599,3.46912103206568,6.5848307007194
2023-09-01,2.45854767474066,2.29995860032966,2.55260693138583,2.54537207318405,-9.01160038638224,-21.4634372275741
2023-10-01,2.65795610718201,2.63377276124228,2.83094480510853,2.59666336316723,7.7986647197176,13.5526205324783
2023-11-01,2.82203979093798,2.5117459305564,2.92859061569846,2.78799656541428,5.99025069135628,-4.74392270449186
2023-12-01,2.24950863259909,2.19646758072038,2.28054091307573,2.14232582501291,-22.6748146737502,-13.4127676388767
2024-01-01,3.15379258143046,3.10051044389638,3.18024205316678,3.36973609292307,33.7893915867571,34.4716332450124
2024-02-01,3.12783157932209,2.94143766399921,3.29965775248855,3.24367572300284,-0.826574441703243,-5.26682940689938
2024-03-01,3.242944083378,3.45821875546198,3.3931461926615,3.54975791635152,3.61416066191496,16.1855182760396
2024-04-01,3.46997625386354,3.56131652770128,3.51043104654903,3.30424400569207,6.7666165743449,2.9376641703637
2024-05-01,3.69230037928184,3.88320381440796,3.52760925144432,3.67527545677621,6.21019221648647,8.65302506217257
2024-06-01,3.92227652627227,3.86180512837849,3.75810091431409,4.05900000147266,6.04225588991882,-0.552581427280201
2024-07-01,4.14424213502417,4.06623043934631,4.07466914470716,4.18981439664694,5.50477017842368,5.15816643025479
2024-08-01,4.26350175351842,4.22499375393687,4.36062251523535,3.98178854387389,2.83708969693637,3.83013941457404
2024-09-01,4.83438348749544,4.66179500731942,4.79667698591999,4.34934662416509,12.5662779946905,9.83827862229516
2024-10-01,4.92471686542699,4.77830327070664,4.90038245094994,4.65829850263755,1.85131732851596,2.46849505284578
2024-11-01,5.02238472844859,5.2210782713547,5.11823937065547,5.17083210302044,1.96380826948503,8.86184267551589
2024-12-01,4.88020800199059,4.91966529894316,4.75878069736023,5.12678900889012,-2.87170240974943,-5.94634464364029
2025-01-01,3.8283238262991,4.13930231208022,3.5158316972095,4.06031947407412,-24.2760778180585,-17.2713249536677
2025-02-01,4.46587968000003,4.56201994933401,4.13057704383503,4.24597898710315,15.4039147585672,9.72382468052356
2025-03-01,4.55488207576039,4.46240425691476,4.44607194389414,4.42347319081141,1.97334296903886,-2.20778049461438
2025-04-01,5.21568693331121,5.29135151921546,5.19966281856451,5.16575127398042,13.5471160958003,17.0386007070814
2025-05-01,5.42834224058617,5.47138848497125,5.79148469453615,5.38589631514434,3.99629885715296,3.3458721684588
2025-06-01,4.96406662729847,5.09305460456833,5.04453874074558,4.53767067312055,-8.94085015893509,-7.16546512590153
2025-07-01,5.28877490078134,5.63207278002645,5.55231080007859,5.18156971063967,6.33613419445311,10.0599772023295
2025-08-01,5.51990104302574,5.57344853403058,5.65345656829674,5.51757248995345,4.27733018446013,-1.04635526057797
2025-09-01,5.04508048989663,5.14002300494338,5.01931812170411,5.04299673987368,-8.99463250721038,-8.09564336294118
2025-10-01,5.71261653366921,5.71607748616105,5.82431621438209,5.94819811314513,12.426354771117,10.6225260860142
2025-11-01,5.14329815251731,4.78364618032778,5.19158797476663,5.25501182173053,-10.498261817661,-17.8079761035472
2025-12-01,5.12638109490412,4.42844448547646,4.92407698003664,5.52879480847329,-0.32945669494302,-7.71546645024818
