"horizonte","choque","participacao","participacao_pct"
3,"bets",0.0488069660058208,4.88069660058208
3,"ibc",0.0187609814325215,1.87609814325215
3,"ipca",0.0609106863399125,6.09106863399125
3,"selic",0.14474799268119,14.474799268119
3,"inad",0.726773373540555,72.6773373540555
6,"bets",0.0475193280971882,4.75193280971882
6,"ibc",0.0207177575564495,2.07177575564495
6,"ipca",0.081142325012167,8.1142325012167
6,"selic",0.191945921236431,19.1945921236431
6,"inad",0.658674668097764,65.8674668097764
12,"bets",0.0454003696205956,4.54003696205956
12,"ibc",0.0221496148139329,2.21496148139329
12,"ipca",0.0995609004966354,9.95609004966354
12,"selic",0.209583761901965,20.9583761901965
12,"inad",0.623305353166871,62.3305353166871
24,"bets",0.0451732851808371,4.51732851808371
24,"ibc",0.0223128220920914,2.23128220920914
24,"ipca",0.101905197260148,10.1905197260148
24,"selic",0.211214816509185,21.1214816509185
24,"inad",0.619393878957738,61.9393878957738
