date;period;year;quarter;credit_pf;credit_card_pf;personal_credit_pf;payroll_credit_pf;vehicle_credit_pf;mortgage_credit_pf;npl90_balance_pf;npl90_pf_rate;npl90_pf_rate_calc;npl15_90_balance_pf;npl15_90_pf_rate;share_cartao_pf;share_credito_pessoal_pf;share_consignado_pf;share_veiculos_pf;share_imobiliario_pf;risk_total_credit;risk_high_share;risk_BH_share;early_delinquency_1_30;severe_delinquency_91_plus;overdue_share;severe_overdue_share;pdd_balance_total;pdd_net_formation;pdd_writeoffs;pdd_to_credit_rate;renegotiated_credit_brazil;renegotiated_overdue_upto30;renegotiated_overdue_above30;reneg_to_credit_rate;npl90_rate_gap
30/06/2016;2016Q2;2016;2;18.262.608.634.684.000;5.445.479.713.857;2.870.258.134.192;4.648.856.122.713;1.669.992.791.397;3.628.021.872.525;11.047.711;0.0593;0.06049360866781318;7.850.265;0.0421;0.29817644471201377;0.15716583493668368;0.25455597366763805;0.09144327761727211;0.19865846906639226;419.229.417;0.0899861423608067;0.24048855331161076;19.964.450.000.000.000;13.357.858.999.999.900;0.03328443602826055;0.026825240359592547;-38.469.518;-6.123.004;5.647.397;0.09176244900772312;22.666.861;7.811.328;16.281.302;0.054067916231174205;-0.0011936086678131785
30/09/2016;2016Q3;2016;3;18.251.670.872.859.000;5.574.971.490.124;2.787.850.722.188;45.638.290.686.370.000;15.905.364.355.610.000;3.734.483.156.349;10.682.765;0.0573;0.05853033990376036;7.815.409;0.0419;0.30544992450056807;0.15274495916610303;0.25004993243789014;0.08714470289545898;0.20461048099997972;415.295.777;0.09208682610803431;0.24346288982370265;18.333.629.999.999.900;13.223.166;0.03253403551039073;0.026695815016261337;-39.102.884;-6.120.595;5.535.062;0.09415670990557652;23.805.914;7.723.703;17.616.499;0.05732279334013069;-0.0012303399037603621
31/12/2016;2016Q4;2016;4;18.342.724.773.075;5.902.254.350.818;2.627.633.799.303;4.463.811.765.079;15.372.873.670.969.900;3.811.737.490.778;10.421.634;0.0558;0.05681617169166575;6.698.644;0.0358;0.32177631316159894;0.14325209759239602;0.2433559801121456;0.08380910612329309;0.20780650301056636;410.916.148;0.09395193688031944;0.2368183666512906;16.479.930.000.000.000;12.198.446;0.02778997941710932;0.024832707152836815;-37.431.102;-5.888.068;7.579.285;0.0910918253813671;22.853.857;7.944.026;16.397.691;0.05561683840178508;-0.0010161716916657487
31/03/2017;2017Q1;2017;1;1.804.555.045.829;5.621.549.447.858.990;26.277.338.674.029.900;4.485.008.436.318;1.477.870.398.394;38.333.883.083.160.000;9.700.645;0.0528;0.053756437202743194;7.333.045;0.0399;0.3115199761211218;0.14561671994859193;0.2485381893273097;0.08189666487646968;0.2124284497265069;401.924.779;0.09979036898344604;0.24816896397422664;1886.53;13.192.956;0.02986821605825697;0.02759482609905562;-37.640.024;-5.366.143;5.457.502;0.09364942388884165;23.070.141;8.486.722;16218.28;0.05739915079980675;-0.0009564372027431947
30/06/2017;2017Q2;2017;2;17.938.219.536.512.900;5.637.555.242.158.990;25.869.369.865.009.900;44.784.610.514.839.900;1.410.154.834.324;3.825.111.422.045;9.501.403;0.0519;0.052967369368292244;6.832.596;0.0373;0.3142761872594899;0.14421369864692118;0.24966028776535787;0.07861175026059021;0.21323807606764086;404.484.689;0.09852700258822406;0.24809291359851693;1.712.912;12.169.607;0.026229619646533874;0.025359957566940528;-37.417.334;-5.119.504;5.361.447;0.09250618136500094;24.571.499;8.499.416;17.886.215;0.060747661575887235;-0.0010673693682922425
30/09/2017;2017Q3;2017;3;17.988.776.701.151;57.172.966.563.129.900;2.595.684.276.884;4.457.554.910.952;13.886.912.554.879.900;3.829.549.601.514;9.368.569;0.0512;0.052080078349077276;6.437.519;0.0352;0.3178257616565546;0.14429465216041715;0.247796444694696;0.07719764820912726;0.21288549327920497;392.432.247;0.09690990047512585;0.2487744464078152;1.716.185;11.742.709;0.02598560666405507;0.0251003253423072;-36.629.564;-4058.66;4.726.413;0.09333984217662929;24.520.528;9.089.917;17.330.267;0.06248346864318721;-0.0008800783490772734
31/12/2017;2017Q4;2017;4;19.152.598.459.597.000;6.694.075.154.912;2.635.203.781.147;4.442.628.599.329;1.407.990.294.939;39.727.006.292.699.900;9.494.594;0.0488;0.04957339872200182;6.314.234;0.0325;0.3495126350105109;0.1375898829971319;0.23195957502585682;0.07351432224244658;0.20742358472405373;407.640.462;0.09392095625679081;0.23086870606088164;15.961.689.999.999.900;11.612.239;0.027695477321607407;0.023525833958049008;-37.309.465;-4.205.249;4.411.712;0.09152542124240845;24.422.767;9.147.755;17253.73;0.05991251918461421;-0.000773398722001814
31/03/2018;2018Q1;2018;1;191.355.521;64.982.763;27.380.723;44.682.409;14.316.403;39.993.221;8.909.307;0.0458;0.046558923167939324;6.869.375;0.0353;0.33959178528222345;0.14308823104194626;0.2335046763557974;0.07481573003582165;0.20899956683246154;411.146.766;0.092648983647849;0.23012830411026514;18.907.060.000.000.000;11.660.522;0.02719440872296045;0.023533608922161314;-36660.82;-3.910.831;4.717.279;0.08916723426203478;25.537.915;9.603.347;17.981.851;0.062113865684644595;-0.0007589231679393238
30/06/2018;2018Q2;2018;2;195.002.644;66.095.405;28.347.445;45.404.398;14.652.989;40.502.404;8.934.954;0.0449;0.045819655655540754;6.930.288;0.0348;0.33894619910897206;0.14536954175862354;0.2328399095963027;0.07514251447790625;0.20770181967378865;432.496.214;0.08629758779807492;0.24104184181367194;17.599.650.000.000.000;11.330.899;0.02457531538984214;0.021852818713964946;-36.118.342;-3.634.744;4.776.171;0.08351134837910974;25.191.589;9.946.872;17.510.629;0.058246958434646556;-0.000919655655540752
30/09/2018;2018Q3;2018;3;199.975.197;68.659.339;28.896.031;45.955.002;15.227.917;41.236.907;9.217.844;0.0451;0.046094936463545524;6.621.246;0.0324;0.34333927422009247;0.1444980749287623;0.22980350908217884;0.07614902862178453;0.2062101081465618;442.391.691;0.08551907228293762;0.2360621754986804;1.781.932;11.769.354;0.024729692095306455;0.02218456612153268;-35.496.307;-3.704.335;4.422.907;0.08023728230465342;25.651.117;9.928.507;17.923.722;0.057982818217080845;-0.0009949364635455232
31/12/2018;2018Q4;2018;4;211.314.866;77.466.354;29.230.605;46.669.135;15.900.171;42.048.599;9.541.827;0.0443;0.045154546770031785;6.330.674;0.0294;0.36659206929625104;0.13832725332253717;0.2208511681331497;0.075243977392485;0.19898552239102762;435.125.587;0.07928950866316212;0.23507754325649435;1.308.518;10.863.719.000.000.000;0.025109111021578107;0.020402059191931058;-34.260.632;-3.251.335;4.061.113;0.07873734164017342;25.220.846;10.672.733;16.653.006;0.057962222295146255;-0.000854546770031786
31/03/2019;2019Q1;2019;1;215.606.127;76.441.362;31.129.918;48.620.501;16.558.721;42.855.623;9.700.897;0.0441;0.044993605399720395;7.385.972;0.0336;0.35454169630346355;0.1443832716312371;0.2255061193135759;0.07680079054525199;0.1987681129302972;446.510.544;0.07745586854495422;0.2339543677158943;1.704.886;11293.93;0.026784083012503512;0.02077411349153953;-34.205.818;-4.157.503;4.150.635;0.07660696585924295;25.371.244;10.867.635;16.768.346;0.05682115314168258;-0.0008936053997203944
30/06/2019;2019Q2;2019;2;222.325.766;79.290.632;32.768.917;49.093.848;17.202.255;43.970.113;10.185.377;0.0448;0.04581285013991586;7.649.744;0.0337;0.3566416678847741;0.14739144989609526;0.220819425850983;0.0773740952724301;0.1977733565978133;452.852.331;0.07335120463363587;0.23430386626407804;17.337.469.999.999.900;11.244.086;0.025384641261749;0.020336243578731896;-33.090.509;-4.258.223;5.249.771;0.0730713010285907;24.681.295;11.362.857;15.586.742;0.0545018614467505;-0.0010128501399158593
30/09/2019;2019Q3;2019;3;229.740.353;83.343.903;34.237.521;49.345.864;17.969.534;44843.53;11.002.276;0.0467;0.04789004568126523;7426.53;0.0315;0.36277433159511163;0.14902702356342248;0.21478971088722928;0.07821670753679046;0.19519222206470624;471.356.718;0.07448291635465776;0.2403526494343929;1.757.229;10.524.724;0.02600731339710165;0.018271468857508823;-34.477.248;-5.534.767;4.623.168;0.0731447048135633;25.960.334;11542.88;16.906.864;0.05507576960004206;-0.0011900456812652324
31/12/2019;2019Q4;2019;4;239.788.638;90.927.905;34.555.126;49.389.436;18.969.668;45.946.502;11.807.501;0.0481;0.0492412864032365;7543.34;0.0307;0.3792002229897148;0.14410660274904266;0.2059707099216269;0.07910995349162457;0.19161250667765167;470.499.757;0.0823074771534898;0.2546934769192665;1.722.693;11.142.772;0.026831072637176955;0.01911226096524519;-39.746.578;-9.945.213;4.304.638;0.08447736137725573;25.679.199;11266.37;16.784.365;0.05457855953791704;-0.001141286403236505
31/03/2020;2020Q1;2020;1;238.051.782;83.840.098;37.353.037;50.290.088;19.415.291;47.153.266;12.531.982;0.0513;0.05264393273897021;8.566.794;0.035;0.3521926922605435;0.15691139417725508;0.21125692728483755;0.08155910800953382;0.19807986986629658;531333.0;0.08479804567004119;0.2575936371352805;2136.0;13271.0;0.027709907315784457;0.020745694459425448;-47083.0;-10872.0;4920.0;0.08861297905456654;28.945.161;13.118.937;18.544.133;0.05447649778952183;-0.0013439327389702105
30/06/2020;2020Q2;2020;2;228.815.984;72886.87;37.273.844;50.385.481;19.470.708;48.799.079;11.835.363;0.0502;0.051724371668021234;5690.0;0.0241;0.3185392415592785;0.1628987772112983;0.22020087984762463;0.08509330362165608;0.21326778901949436;559718.0;0.08376539614591634;0.2646404082055607;1668.0;9238.0;0.02491946498590067;0.014050660250228905;-49267.0;-6899.0;5435.0;0.08802111063071047;32.555.959;13.990.881;21746.54;0.05816493126896044;-0.0015243716680212321
30/09/2020;2020Q3;2020;3;237.694.035;77.524.481;36.633.619;50.768.867;21.493.979;51.273.087;10.453.264;0.0425;0.0439778137469878;7.391.581;0.03;0.3261524042873015;0.15412090168775164;0.2135891504387142;0.09042708623293806;0.2157104489391162;586574.0;0.07887495865824261;0.2572241524513531;1357.0;9981.0;0.0200804552846472;0.014479339993936115;-51140.0;-6608.0;5261.0;0.08718422569019425;32362.61;13.564.782;22.707.084;0.05517225448110554;-0.0014778137469877994
31/12/2020;2020Q4;2020;4;255.626.566;86.260.469;35065.25;55.280.181;23.335.504;55685.16;11.107.649;0.042;0.04345263942559084;6.424.104;0.0243;0.33744720022566044;0.13717373177872288;0.21625366199223597;0.09128747596601522;0.2178379222134526;598916.0;0.0815757134556432;0.2586189048213773;1229.0;12322.0;0.01900632324400854;0.017341422807306422;-52158.0;-5761.0;4467.0;0.08708733779027443;31.963.798;12.683.384;23.235.401;0.05336941741412819;-0.001452639425590839
31/03/2021;2021Q1;2021;1;261.281.753;82.780.865;35.620.369;56.062.883;24.381.531;62.436.103;10.444.597;0.0386;0.03997446006112796;7.537.985;0.0279;0.31682604716755713;0.13632934022759713;0.21456868823135922;0.09331509269229374;0.2389608240266208;628857.0;0.08184849655804102;0.25439646851350944;2705.0;11704.0;0.02116171944560767;0.01586146425817433;-51244.0;-3144.0;5167.0;0.08148752419071427;32.674.719;13.181.946;23.714.187;0.05195890162628388;-0.0013744600611279578
30/06/2021;2021Q2;2021;2;279.697.073;88.321.776;36042.42;59.120.538;25.760.442;70.451.894;10.445.679;0.0362;0.03734640083273235;7.441.011;0.0258;0.3157765472933641;0.12886234243859965;0.21137345974299848;0.09210122123802132;0.2518864185611267;610100.0;0.07554827077528274;0.24200786756269463;2171.0;12880.0;0.023961857762390217;0.017794553043103435;-47810.0;-3170.0;4895.0;0.07836420258973939;32.182.854;12.912.987;23.317.731;0.05275012948696935;-0.0011464008327323472
30/09/2021;2021Q3;2021;3;303.699.565;97.019.101;38.332.986;61.183.552;28.110.634;79.053.289;11.165.299;0.0355;0.036764290393369516;7.659.849;0.0243;0.3194574908265015;0.12622008859314632;0.20146078246769963;0.09256066599897829;0.2603009622354909;642832.0;0.06459074843816114;0.23059212982552207;1506.0;13718.0;0.019278298267076804;0.01787252116157056;-46501.0;-5561.0;4122.0;0.07233771809741892;31.099.649;12.391.185;22.588.375;0.04837912393906962;-0.0012642903933695188
31/12/2021;2021Q4;2021;4;332.577.306;112.095.565;42.009.306;63.183.521;29.691.819;85.597.093;12.817.402;0.0376;0.03853961701163098;9.209.743;0.027;0.3370511546569567;0.12631440943838784;0.18998145652187104;0.08927794670391612;0.25737502666522893;677325.0;0.06385117927139852;0.22954120990661794;1679.0;13924.0;0.019652680954346004;0.016999685010145604;-48931.0;-6609.0;4030.0;0.072241538404754;30.359.815;12.246.019;21.734.766;0.04482311298121286;-0.0009396170116309777
31/03/2022;2022Q1;2022;1;347.350.137;117.034.761;45.171.918;63.960.033;30.978.831;90.204.591;14594.78;0.0411;0.042017487386222054;11.103.242;0.0313;0.33693598629558047;0.13004721515339435;0.1841370599488205;0.08918617757735331;0.2596935523880332;668350.0;0.06624672701428892;0.23436971646592356;2211.0;15613.0;0.022541850560603142;0.01914622526399178;-49840.0;-6923.0;5121.0;0.07457170644123588;30.635.828;12.841.203;20842.61;0.04583800104735543;-0.0009174873862220559
30/06/2022;2022Q2;2022;2;372.388.949;126.349.798;48.227.533;70.558.105;31.957.896;95.295.616;16.842.726;0.0443;0.04522885559635659;11.904.146;0.0313;0.3392952404718111;0.12950849677335619;0.18947421825882377;0.0858185939346981;0.2559034478759465;700952.0;0.058510425820883595;0.20290690375375203;2415.0;15945.0;0.024374287739753055;0.018560963656829958;-51353.0;-7719.0;5948.0;0.07326179253358289;31.374.191;13.300.878;21.042.791;0.044759400073043513;-0.0009288555963565884
30/09/2022;2022Q3;2022;3;384.973.935;128768.4;51.511.133;72.191.521;31.779.073;100.723.806;18.542.807;0.0472;0.04816639599249752;12.674.386;0.0322;0.3344860217614473;0.1338042093680966;0.18752313971593945;0.08254863540306956;0.26163798855629017;720672.0;0.05758097997424626;0.2003116535677812;2157.0;17560.0;0.025110334838544773;0.019948311607168215;-53438.0;-7449.0;5232.0;0.07415023755605879;33.076.789;14.298.628;21.686.427;0.045897147384663196;-0.0009663959924975235
31/12/2022;2022Q4;2022;4;399.332.902;135.077.512;53281.67;73.365.422;31.625.408;105.982.889;20.052.291;0.0492;0.05021447243533166;12.940.678;0.0317;0.3382579079346685;0.13342669670629845;0.18371995303307115;0.07919559806269107;0.26539984175909453;739407.0;0.06260151716172555;0.1980005599081426;2203.0;18174.0;0.025515676658706583;0.020055441034310763;-56590.0;-9142.0;6201.0;0.07653430384078051;34.775.241;14177.24;23.075.745;0.0470312574806568;-0.001014472435331662
31/03/2023;2023Q1;2023;1;402.824.538;130.355.184;56.109.114;74.903.841;32052.04;109.404.357;20.038.345;0.0487;0.049744598726505586;14510.53;0.0353;0.32360288836227746;0.13928921579250964;0.18594656962034423;0.07956824119785871;0.2715930800620691;747484.0;0.06432512267821117;0.2041622295594287;2540.0;19580.0;0.02610961194396146;0.021452150638360347;-56610.0;-8801.0;8999.0;0.0757340625351178;36.323.435;14.618.896;25.222.475;0.04859426422505364;-0.0010445987265055856
30/06/2023;2023Q2;2023;2;405.438.424;128.352.834;58.245.136;74.916.828;32.423.499;111.500.125;20.342.796;0.0493;0.0501748102690928;14.184.787;0.0344;0.31657787324074643;0.14365963498319045;0.18477979284962887;0.07997145085587645;0.27501124313762626;733824.0;0.0615202010291296;0.2039617128902843;2484.0;20267.0;0.026097239916494184;0.022589594319107696;-57334.0;-9703.0;8652.0;0.07813045089830804;37.385.607;14.052.164;26889.51;0.05094628548534799;-0.0008748102690928003
30/09/2023;2023Q3;2023;3;408.010.332;127.741.668;60.713.294;73.848.841;32.761.468;112.945.059;20.375.398;0.0489;0.04993843636293015;13.521.978;0.0324;0.3130843951275234;0.14880332491187995;0.1809974777795578;0.08029568231620174;0.2768191149630005;716053.0;0.05867582427557737;0.20377262576932154;2340.0;20443.0;0.024982051051580894;0.02268502952282984;-57186.0;-9015.0;8876.0;0.0798628034516998;37283.61;13338.88;27.560.572;0.0520682267932681;-0.001038436362930148
31/12/2023;2023Q4;2023;4;415.876.569;135.505.847;60.594.435;73.388.481;33.229.217;113.158.587;18.653.604;0.0439;0.044853702734091755;13.403.881;0.0316;0.3258318864316686;0.14570293090977193;0.17646697715254064;0.07990163302515847;0.27209656767174106;713222.0;0.0571392918333983;0.20361121782558586;2107.0;20219.0;0.023308227587225384;0.022283278338744626;-55380.0;-8636.0;10297.0;0.07764763285484744;35.470.283;12.162.052;26.860.418;0.049732457776120204;-0.0009537027340917534
31/03/2024;2024Q1;2024;1;413.434.264;130.932.375;62455.61;73.453.794;33.797.628;112.794.855;17.547.529;0.0416;0.04244333507877808;14.005.654;0.0332;0.3166945422791566;0.15106539403807132;0.1776674078469703;0.08174849291155993;0.27282415808671334;714291.0;0.05539479007855342;0.21636279891528803;2354.0;21290.0;0.022818123653427985;0.023607632062468745;-54128.0;-9067.0;10120.0;0.07577863923806964;34.588.687;11.767.679;25.853.841;0.048423803463854366;-0.0008433350787780819
30/06/2024;2024Q2;2024;2;418.286.042;130.938.011;63.891.542;74.013.055;34.844.896;114.598.535;17.764.043;0.0418;0.0424686487626092;13.582.388;0.032;0.3130346171101736;0.15274605314226575;0.17694364040003036;0.08330398937863674;0.27397169279676803;750209.0;0.05442216768927059;0.21452022036525822;2301.0;21412.0;0.021947972511063937;0.022659112218269096;-54472.0;-8857.0;9336.0;0.0726090995975788;34.133.423;11.808.894;2.560.859.990.413;0.045498551736915985;-0.0006686487626092058
30/09/2024;2024Q3;2024;3;428.727.827;133.211.087;65.857.108;74.747.786;35.883.103;119028.74;17.605.048;0.0404;0.04106346005854199;13.129.364;0.0301;0.3107124814643767;0.15361052829444632;0.17434787595441056;0.08369669692562318;0.2776324103636968;767277.0;0.051953857602925674;0.21060842433697347;2034.0;20161.0;0.02037932726698052;0.02096156405436428;-51131.0;-6005.0;9335.0;0.06663955781288895;32388.65;11.115.907;2.463.446.528.254;0.04221246042824169;-0.0006634600585419884
31/12/2024;2024Q4;2024;4;444.763.978;142.206.829;65.931.464;74.429.746;36.521.217;125.674.721;17.078.431;0.0378;0.03839886286834138;12.831.827;0.0284;0.31973549125869183;0.1482392173405734;0.1673466145677832;0.08211370256248585;0.28256497202208225;809775.0;0.04927418109968818;0.20728597449908925;2037.0;19606.0;0.018583650887602908;0.01918141928414544;-51596.0;-9157.0;9074.0;0.06371646445000155;31.054.208;10.603.904;24.018.246.810.110.000;0.038349180945324315;-0.0005988628683413766
