Data,Selic_Meta,Taxa_Media_Juros_Credito,Inadimplencia_PF_Total,Inadimplencia_Recursos_Livres_Total,Inadimplencia_Cheque_Especial,Inadimplencia_Credito_Pessoal_Nao_Consignado,Inadimplencia_Composicao_Dividas,Inadimplencia_Consignado_Privado,Inadimplencia_Nao_Consignado_Com_Garantia,Inadimplencia_Nao_Consignado_Sem_Garantia,Serasa_Inadimplentes_milhoes,Serasa_Populacao_Adulta_pct,PNAD_Taxa_Desocupacao_pct,PNAD_Rendimento_Medio_R
2010-08-01,10.75,,,,,,,,,,,,,
2010-09-01,10.75,,,,,,,,,,,,,
2010-10-01,10.75,,,,,,,,,,,,,
2010-11-01,10.75,,,,,,,,,,,,,
2010-12-01,10.75,,,,,,,,,,,,,
2011-01-01,10.943548387096774,,,,,,,,,,,,,
2011-02-01,11.25,,,,,,,,,,,,,
2011-03-01,11.71774193548387,47.59,4.619999999999999,5.54,10.82,6.9,17.04,4.74,,,,,,
2011-04-01,11.8,48.730000000000004,4.67,5.68,10.97,7.09,17.130000000000003,4.74,,,,,,
2011-05-01,12,48.46,4.819999999999999,5.88,10.950000000000001,7.44,16.82,4.78,,,,,,
2011-06-01,12.183333333333334,48.290000000000006,4.79,5.930000000000001,10.84,7.38,16.6,4.85,,,,,,
2011-07-01,12.338709677419354,48.620000000000005,4.9,6.13,11.6,7.619999999999999,16.279999999999998,4.94,,,,,,
2011-08-01,12.5,47.92,4.970000000000001,6.31,12.350000000000001,7.92,16.9,4.859999999999999,,,,,,
2011-09-01,12,48.42,5.03,6.39,12.360000000000001,8.04,17,5.1499999999999995,,,,,,
2011-10-01,11.806451612903226,49.57,5.17,6.53,12.32,8.26,17.43,5.4,,,,,,
2011-11-01,11.5,48.220000000000006,5.22,6.6499999999999995,12.31,8.38,18.01,5.6,,,,,,
2011-12-01,11,45.839999999999996,5.22,6.72,13.56,8.51,18.4,5.67,,,,,,
2012-01-01,10.790322580645162,47.59,5.359999999999999,6.94,13.27,8.77,19.150000000000002,5.71,,,,,,
2012-02-01,10.5,48.39,5.4,7,12.450000000000001,8.62,19.34,5.63,,,,,,
2012-03-01,9.919354838709678,48.190000000000005,5.359999999999999,6.96,13.03,8,19.34,5.68,,,,,8,3166
2012-04-01,9.45,47.379999999999995,5.41,7.06,12.68,8.239999999999998,19.23,5.7,,,,,7.8,3177
2012-05-01,8.983870967741936,44.65,5.51,7.2,13.62,8.65,18.919999999999998,5.53,,,,,7.7,3169
2012-06-01,8.5,43.87,5.430000000000001,7.1499999999999995,13.53,8.729999999999999,18.45,5.319999999999999,,,,,7.6,3176
2012-07-01,8.17741935483871,42.71,5.42,7.17,13.41,9.08,18.919999999999998,5.07,,,,,7.5,3192
2012-08-01,7.967741935483871,41.77,5.4,7.18,14.4,9.3,18.86,5.25,,,,,7.3,3202
2012-09-01,7.5,41.82,5.41,7.2,14.129999999999999,9.19,18.74,5.319999999999999,,,,,7.1,3196
2012-10-01,7.330645161290323,40.94,5.34,7.13,13.83,8.860000000000001,19.71,5.470000000000001,,,,,6.9,3192
2012-11-01,7.25,40.42,5.21,6.970000000000001,13.69,8.8,20.08,5.49,,,,,6.8,3189
2012-12-01,7.25,38.9,5.1,6.9,15.68,8.950000000000001,20.71,5.659999999999999,,,,,6.9,3181
2013-01-01,7.25,39.2,5.04,6.819999999999999,15.75,8.89,21.14,5.68,,,,,7.2,3195
2013-02-01,7.25,40.37,5,6.72,14.33,8.59,21.259999999999998,5.72,,,,,7.8,3213
2013-03-01,7.25,39.790000000000006,4.95,6.64,14.61,8.46,21.279999999999998,5.71,,,,,8,3232
2013-04-01,7.358333333333333,39.59,4.859999999999999,6.55,13.57,8.27,21.75,5.22,,,,,7.9,3239
2013-05-01,7.532258064516129,39.309999999999995,4.9,6.58,14.639999999999999,8.15,21.86,5.18,,,,,7.6,3241
2013-06-01,8,39.99,4.619999999999999,6.319999999999999,14.19,7.6499999999999995,20.830000000000002,4.81,,,,,7.5,3268
2013-07-01,8.338709677419354,40.9,4.57,6.25,13.870000000000001,7.68,20.57,4.9,,,,,7.4,3289
2013-08-01,8.548387096774194,41.36,4.46,6.13,14.05,7.38,20.150000000000002,4.95,,,,,7.2,3311
2013-09-01,9,41.8,4.45,6.09,13.860000000000001,7.2700000000000005,20.259999999999998,5.03,,,,,7,3311
2013-10-01,9.35483870967742,42.790000000000006,4.26,5.87,13.49,7.05,19.419999999999998,4.95,,,,,6.8,3321
2013-11-01,9.55,43.14,4.159999999999999,5.76,12.97,7.03,19.12,4.83,,,,,6.5,3307
2013-12-01,10,42.51,4.09,5.76,14.48,7.17,19.34,5.4,,,,,6.2,3281
2014-01-01,10.258064516129032,44.160000000000004,4.05,5.68,13.78,7.05,19.419999999999998,5.44,,,,,6.5,3278
2014-02-01,10.517857142857142,46.48,4.03,5.6,12.17,6.859999999999999,18.979999999999997,5.119999999999999,,,,,6.8,3309
2014-03-01,10.75,46.75,4.08,5.63,11.75,6.98,19.459999999999997,5.24,,,,,7.2,3347
2014-04-01,10.983333333333333,46.67,4.13,5.659999999999999,11.870000000000001,7.09,19.52,5.35,,,,,7.2,3345
2014-05-01,11,47.13,4.1899999999999995,5.8,12.739999999999998,7.35,19.759999999999998,5.53,,,,,7,3338
2014-06-01,11,47.92,4.01,5.67,12.51,7.1899999999999995,19.09,5.17,,,,,6.9,3320
2014-07-01,11,48.02,4.08,5.75,13.26,7.46,19.279999999999998,5.31,,,,,7,3314
2014-08-01,11,48.4,4.07,5.75,13.94,7.51,19.03,5.3,,,,,7,3337
2014-09-01,11,47.47,3.9699999999999998,5.73,14.07,7.41,18.53,5.319999999999999,,,,,6.8,3349
2014-10-01,11.016129032258064,49.11,4.01,5.67,14.6,7.55,17.86,5.109999999999999,,,,,6.7,3362
2014-11-01,11.25,49.71,3.8699999999999997,5.51,14.950000000000001,7.5,17.4,5,,,,,6.6,3339
2014-12-01,11.701612903225806,48.47,3.7,5.359999999999999,13.82,7.6499999999999995,17.75,4.930000000000001,,,,,6.6,3341
2015-01-01,11.911290322580646,50.99,3.7800000000000002,5.38,13.719999999999999,7.88,17.18,4.98,,,,,6.9,3345
2015-02-01,12.25,53.11,3.8499999999999996,5.4,13.639999999999999,7.79,16.439999999999998,5.45,,,,,7.5,3339
2015-03-01,12.685483870967742,53.13,3.71,5.22,12.850000000000001,7.39,15.860000000000001,5.3,,,,,8,3340
2015-04-01,12.766666666666667,54.790000000000006,3.79,5.33,13.47,7.51,15.88,5.1499999999999995,,,,,8.1,3332
2015-05-01,13.25,56.28,3.8899999999999997,5.5,14.31,7.78,15.7,5.22,,,,,8.2,3317
2015-06-01,13.7,57.53,3.7,5.359999999999999,14.350000000000001,7.17,15.81,5.119999999999999,,,,,8.4,3326
2015-07-01,13.78225806451613,58.77,3.8099999999999996,5.51,14.92,7.51,15.8,5.22,,,,,8.6,3303
2015-08-01,14.25,60.13,3.92,5.67,15.5,7.96,15.93,5.28,,,,,8.8,3287
2015-09-01,14.25,61.3,3.9899999999999998,5.81,15.32,8.15,16.02,5.24,,,,,9,3286
2015-10-01,14.25,63.37,4.119999999999999,5.84,14.31,8.06,16.459999999999997,5.39,,,,,9.1,3273
2015-11-01,14.25,64.01,4.24,6.03,15.03,8.97,16.8,5.55,,,,,9.1,3248
2015-12-01,14.25,62.730000000000004,4.2700000000000005,6.24,18.1,9.79,17.39,5.7,,,,,9.1,3232
2016-01-01,14.25,65.8,4.34,6.319999999999999,16.919999999999998,9.88,17.35,5.74,,,,,9.6,3242
2016-02-01,14.25,67.33,4.35,6.2700000000000005,16.16,10.09,17.8,5.71,,,,,10.3,3223
2016-03-01,14.25,68.57,4.3,6.24,15.350000000000001,10.09,17.7,5.64,,,59.19091350239617,,11,3238
2016-04-01,14.25,70.42,4.35,6.33,14.49,10.6,17.68,5.48,,,59.735,,11.3,3221
2016-05-01,14.25,70.7,4.37,6.4,14.89,10.219999999999999,17.84,5.51,,,58.889,,11.3,3232
2016-06-01,14.25,70.17999999999999,4.1,6.23,14.69,9.639999999999999,17.630000000000003,5.31,,,59.072,,11.4,3198
2016-07-01,14.25,70.75,4.1499999999999995,6.28,15.68,9.76,17.38,5.31,,,58.746,,11.7,3200
2016-08-01,14.25,71.14999999999999,4.17,6.29,16.110000000000003,9.83,17.69,5.13,,,58.631,,11.9,3228
2016-09-01,14.25,72.61,4.23,6.31,15.709999999999999,9.97,17.830000000000002,5.1,,,58.921,,11.9,3224
2016-10-01,14.153225806451612,72.86999999999999,4.23,6.24,15.69,9.29,17.79,5.1,,,58.661,,11.9,3230
2016-11-01,14,72.93,4.1499999999999995,6.159999999999999,15.32,9.139999999999999,17.959999999999997,5.05,,,59.344,39.74625514915066,12,3236
2016-12-01,13.75,70.99000000000001,4,6.13,17.43,9.219999999999999,17.779999999999998,5.02,,,58.976,39.45747972507016,12.1,3252
2017-01-01,13.266129032258064,71.79,4.04,6.09,16.16,9.03,18.02,5.02,,,59.022,39.44595983367789,12.7,3264
2017-02-01,12.839285714285714,72,4.06,6,15.96,8.729999999999999,17.4,4.88,,,59.119,39.46846270614818,13.3,3274
2017-03-01,12.25,71.23,4.06,5.970000000000001,15.450000000000001,8.75,18.22,4.95,,,59.12,39.42684649069956,13.9,3293
2017-04-01,11.65,66.58,4.09,5.94,15.02,8.58,18.16,4.76,,,59.426,39.588455402578404,13.7,3278
2017-05-01,11.25,62.14,4.159999999999999,6.02,15.48,8.59,18.8,4.8,,,60.309,40.13364252078404,13.4,3272
2017-06-01,10.25,62.220000000000006,3.9099999999999997,5.84,15.209999999999999,8.17,18.310000000000002,4.63,,,59.972,39.86661157719434,13.1,3260
2017-07-01,10.088709677419354,63.65,4.01,5.81,14.78,8.139999999999999,18.24,4.57,,,59.785,39.699709366386266,12.9,3261
2017-08-01,9.25,62.309999999999995,3.9899999999999998,5.81,15.709999999999999,8.47,18.45,4.51,,,59.794,39.6658439556419,12.7,3256
2017-09-01,8.483333333333333,58.55,3.9299999999999997,5.7,15.27,8.29,18.54,4.42,,,59.837,39.654533379259966,12.5,3272
2017-10-01,8.10483870967742,58.849999999999994,3.9299999999999997,5.64,14.82,8.4,18.610000000000003,4.37,,,60.364,39.963630209996616,12.3,3283
2017-11-01,7.5,57.809999999999995,3.8299999999999996,5.48,14.209999999999999,8.28,18.2,4.44,,,60.478,39.99891242746791,12.1,3297
2017-12-01,7.096774193548387,54.49,3.58,5.31,16.24,7.91,17.55,4.38,,,59.733,39.46652370543436,11.9,3298
2018-01-01,7,55.08,3.7800000000000002,5.34,15.2,8.06,17.759999999999998,4.55,,,59.343291,39.23951162210005,12.3,3311
2018-02-01,6.8125,56.94,3.7600000000000002,5.23,13.48,7.85,17.279999999999998,4.41,,,59.716812,39.45177008102293,12.7,3324
2018-03-01,6.669354838709677,56.54,3.7,5.17,13.97,7.81,16.49,4.41,,,60.256316,39.772542829122486,13.2,3323
2018-04-01,6.5,56.3,3.68,5.159999999999999,13.3,7.91,16.7,4.3,,,60.653704,39.997797059887006,13,3333
2018-05-01,6.5,53.09,3.64,5.119999999999999,13.18,7.7700000000000005,16.23,4.37,,,60.831201,40.07446735874439,12.8,3334
2018-06-01,6.5,52.25,3.52,5.04,13.3,7.63,15.66,4.430000000000001,,,61.165905,40.253437240389104,12.6,3329
2018-07-01,6.5,51.24,3.56,5.1,13.27,7.609999999999999,15.69,4.48,,,61.001422,40.10474211732858,12.4,3318
2018-08-01,6.5,50.91,3.55,5.07,14.129999999999999,7.57,15.76,4.430000000000001,,,61.043063,40.09106065373259,12.2,3332
2018-09-01,6.5,51.11,3.4699999999999998,5.05,14,7.470000000000001,15.44,4.38,,,60.945824,39.98757921880442,12,3318
2018-10-01,6.5,51.190000000000005,3.4299999999999997,5.01,14.09,7.470000000000001,15.46,4.359999999999999,,,61.772394,40.486414839178536,11.8,3321
2018-11-01,6.5,50.849999999999994,3.3499999999999996,4.85,13.58,7.49,15.03,4.2700000000000005,,,62.664922,41.02599994336841,11.7,3324
2018-12-01,6.5,48.09,3.3,4.88,15.360000000000001,7.42,15.219999999999999,4.39,,,62.473341,40.85890366382117,11.7,3343
2019-01-01,6.5,50.33,3.3899999999999997,4.89,14.239999999999998,7.39,15.4,4.38,,,62.176389,40.622983238440156,12.2,3363
2019-02-01,6.5,51.949999999999996,3.3499999999999996,4.78,13.229999999999999,7.25,14.97,4.159999999999999,,,62.172903,40.5748874433894,12.5,3375
2019-03-01,6.5,52.65,3.4099999999999997,4.81,13.370000000000001,7.4,15.06,4.159999999999999,,,62.960081,41.034175631052854,12.8,3361
2019-04-01,6.5,52.449999999999996,3.4099999999999997,4.81,13.360000000000001,7.38,15.15,4.119999999999999,,,63.205404,41.119737397609924,12.6,3344
2019-05-01,6.5,51.8,3.46,4.89,14.4,7.609999999999999,15.01,4.119999999999999,,,63.374619,40.905531289887854,12.4,3320
2019-06-01,6.5,52.08,3.4,4.87,14.05,7.76,14.739999999999998,3.9899999999999998,,,63.450581,41.23367736198536,12.1,3320
2019-07-01,6.5,51.13,3.4899999999999998,4.92,14.43,7.88,14.78,4,,,63.463368,41.14939215828361,11.9,3312
2019-08-01,6,50.839999999999996,3.53,4.95,14.729999999999999,7.64,14.55,3.9499999999999997,,,63.427939,41.08409879324509,11.9,3326
2019-09-01,5.8,49.87,3.6,5.07,15.69,7.859999999999999,14.56,3.9699999999999998,,,63.206609,40.902571919700414,11.9,3325
2019-10-01,5.483870967741935,48.48,3.58,5.07,16.18,7.9,14.46,3.9499999999999997,,,63.85141,41.28131661799113,11.7,3349
2019-11-01,5,48.97,3.59,5.06,15.94,7.91,14.52,4.02,,,63.840968,41.23608003856032,11.3,3364
2019-12-01,4.67741935483871,46.120000000000005,3.56,5.1,17.57,8.129999999999999,14.55,4.14,,,63.307343,40.85326874972058,11.1,3353
2020-01-01,4.5,45.720000000000006,3.63,5.05,16.71,8.17,14.850000000000001,4.159999999999999,,,63.78236,41.12141757572927,11.3,3361
2020-02-01,4.293103448275862,46.86,3.72,5.17,15.47,8.08,15.04,4.22,,,63.889695,41.15219494739969,11.7,3364
2020-03-01,4.040322580645161,46.379999999999995,4,5.29,15.32,8.39,14.8,4.2700000000000005,,,64.812645,41.70773347584642,12.4,3391
2020-04-01,3.75,43.99,4.13,5.6,15.99,8.62,14.3,4.2700000000000005,,,65.908612,42.37342982514899,12.7,3428
2020-05-01,3.1451612903225805,42.86,4.04,5.6899999999999995,17.03,8.57,12.57,4.18,,,65.231943,41.899256441060864,13.1,3484
2020-06-01,2.675,40.15,3.67,5.39,16.64,7.91,10.46,4.2,,,64.000691,41.03170584410713,13.6,3538
2020-07-01,2.25,39.09,3.52,5.2,16.5,7.52,9.07,4.18,,,63.503127,40.681504908888364,14.1,3580
2020-08-01,2.0403225806451615,38.290000000000006,3.3499999999999996,4.95,15.92,7.03,7.67,4.26,,,63.050431,40.36053392812596,14.8,3575
2020-09-01,2,37.449999999999996,3.19,4.73,14.97,6.109999999999999,7.2,4.21,,,62.763292,40.14592393063706,14.9,3577
2020-10-01,2,38.37,3.11,4.59,13.370000000000001,5.94,7.4,4.22,,,62.279786,39.80610728769623,14.6,3524
2020-11-01,2,37.3,3.02,4.359999999999999,12.709999999999999,5.930000000000001,8.43,4.2700000000000005,,,61.948697,39.564126485832645,14.3,3487
2020-12-01,2,36.220000000000006,2.8899999999999997,4.23,13.44,5.359999999999999,10.139999999999999,4.33,,,61.361283,39.15890985788925,14.2,3434
2021-01-01,2,38.5,2.9299999999999997,4.2,11.4,5.33,11.33,4.24,,,61.669349,39.325318480572776,14.4,3426
2021-02-01,2,39.230000000000004,2.9699999999999998,4.13,10.43,5.28,12.01,4.24,,,61.555021000000004,39.22229945400768,14.6,3395
2021-03-01,2.338709677419355,39.9,2.92,4.09,9.78,5.34,12.84,4.2,,,62.557333,39.83037711972252,14.9,3404
2021-04-01,2.75,40.4,2.9499999999999997,4.1,9.44,5.41,13.639999999999999,4.1,,,62.981572,40.069716767615276,14.8,3363
2021-05-01,3.379032258064516,39.03,3.01,4.17,9.75,5.28,14.209999999999999,4.09,,,62.558805,39.7701979901388,14.7,3360
2021-06-01,3.85,39.06,2.9099999999999997,4.1,9.450000000000001,5.2,12.96,4.03,,,62.509432,39.70830399782403,14.2,3308
2021-07-01,4.25,38.809999999999995,2.94,4.159999999999999,11.350000000000001,5.08,13.15,4.08,,,62.223742,39.52682464609119,13.7,3277
2021-08-01,5.120967741935484,39.61,2.96,4.2,10.17,5.17,13.07,4.1,,,62.248755,39.51516268060838,13.2,3231
2021-09-01,5.516666666666667,40.36,3.01,4.29,10,5.13,12.629999999999999,4.18,,,62.21027,39.463213812204444,12.7,3174
2021-10-01,6.443548387096774,42.33,2.9899999999999998,4.31,9.719999999999999,5.159999999999999,12.99,4.18,,,63.405043,40.19308783065821,12.1,3127
2021-11-01,7.75,43.53,3.01,4.34,10.02,5.01,13.360000000000001,4.24,,,64.26967,40.71278358955872,11.6,3086
2021-12-01,8.862903225806452,44.21,3.05,4.45,11.51,5.21,12.66,4.63,,,63.970854,40.495240878866284,11.1,3061
2022-01-01,9.25,45.51,3.2600000000000002,4.72,10.92,5.51,13.29,5,,,64.817442,41.00254145451268,11.2,3089
2022-02-01,10.642857142857142,47.28,3.38,4.81,11.08,5.57,12.88,4.8,,,65.169146,41.196273014041324,11.2,3093
2022-03-01,11.233870967741936,48.7,3.4499999999999997,4.94,11.12,6,13.2,4.85,,,65.693982,41.49907768220885,11.1,3106
2022-04-01,11.75,49.06,3.54,5.13,11.11,6.1899999999999995,14.18,4.84,,,66.13267,41.74705396091678,10.5,3094
2022-05-01,12.620967741935484,49.56,3.65,5.35,11.51,6.609999999999999,14.950000000000001,4.970000000000001,,,66.579818,41.99999581134372,9.8,3113
2022-06-01,13,50.65,3.57,5.34,11.56,6.859999999999999,14.46,4.67,,,66.818625,42.12122531337778,9.3,3136
2022-07-01,13.25,52.44,3.71,5.56,11.61,7.2,14.88,4.51,,,67.632289,42.604384327197046,9.1,3180
2022-08-01,13.701612903225806,53.1,3.7800000000000002,5.72,12.53,7.59,14.850000000000001,5.4,,,67.976241,42.78900901702653,8.9,3208
2022-09-01,13.75,52.77,3.8,5.8,12.739999999999998,7.75,15.05,5.359999999999999,,,68.388049,43.01600920512249,8.7,3252
2022-10-01,13.75,55.54,3.8899999999999997,5.91,12.53,7.89,15.450000000000001,4.35,,,69.05664,43.40403662347581,8.3,3271
2022-11-01,13.75,56.230000000000004,3.92,5.92,12.65,8.06,14.7,4.359999999999999,,,69.834751,43.86023841702933,8.1,3302
2022-12-01,13.75,54.53,3.94,6.02,13.55,8.139999999999999,16.150000000000002,4.6,,,69.429316,43.57294926001508,7.9,3310
2023-01-01,13.75,55.349999999999994,4.109999999999999,6.22,13.4,8.27,16.97,3.88,,,70.092977,43.95650944926984,8.4,3324
2023-02-01,13.75,56.98,4.159999999999999,6.25,12,8.15,16.97,3.8099999999999996,,,70.526944,44.19552866374672,8.6,3323
2023-03-01,13.75,57.39,4.109999999999999,6.1899999999999995,12.4,8.139999999999999,16.3,3.79,,,70.707397,44.275414865609214,8.8,3330
2023-04-01,13.75,59.25,4.26,6.35,12.629999999999999,8.15,17.36,3.88,,,71.439576,44.70037186062103,8.5,3320
2023-05-01,13.75,58.6,4.35,6.470000000000001,13.11,8.11,18.2,4.07,,,71.903574,44.95698430684084,8.3,3314
2023-06-01,13.75,57.790000000000006,4.25,6.42,12.96,8.08,18.93,4.05,,,71.453534,44.64211750288807,8,3329
2023-07-01,13.75,56.97,4.22,6.31,13.209999999999999,7.89,18.04,4.1,,,71.419039,44.58711980642262,7.9,3341
2023-08-01,13.28225806451613,56.52,4.119999999999999,6.2,12.29,7.55,17.71,4.21,,,71.739068,44.752297618048914,7.8,3351
2023-09-01,13.083333333333334,56.06,4,6.07,11.93,7.29,17.150000000000002,5.25,,,71.822149,44.76948850806541,7.7,3384
2023-10-01,12.75,55.13,3.9699999999999998,6.05,12.8,7.109999999999999,17.310000000000002,5.430000000000001,,,71.952514,44.81607189325555,7.6,3395
2023-11-01,12.266666666666667,54.760000000000005,3.88,5.91,15.6,6.83,16.91,5.75,,,71.80892,44.69204579469437,7.5,3424
2023-12-01,11.959677419354838,53.94,3.75,5.73,13.629999999999999,6.75,15.69,5.94,,,71.102439,44.21812416845493,7.4,3410
2024-01-01,11.75,52.25,3.7600000000000002,5.7,12.88,6.63,16.34,6.31,,,72.069816,44.785059223653775,7.6,3448
2024-02-01,11.25,52.660000000000004,3.7600000000000002,5.659999999999999,12.129999999999999,6.49,16.759999999999998,6.659999999999999,,,72.039263,44.73143941395502,7.8,3463
2024-03-01,11.07258064516129,53.36,3.71,5.58,12.04,6.44,16.87,6.68,,,72.894821,45.22765873658212,7.9,3460
2024-04-01,10.75,52.82,3.75,5.63,11.51,6.48,17.72,6.5,,,73.419784,45.51811860799306,7.5,3476
2024-05-01,10.564516129032258,52.620000000000005,3.82,5.72,12.129999999999999,6.53,17.979999999999997,6.53,,,72.535353,44.93498960497402,7.1,3497
2024-06-01,10.5,52.61,3.71,5.59,12.370000000000001,6.48,17.85,6.53,,,72.501132,44.87902064636084,6.9,3520
2024-07-01,10.5,52.190000000000005,3.7800000000000002,5.6499999999999995,12.11,6.59,18.39,6.72,,,72.664146,44.94510089178833,6.8,3499
2024-08-01,10.5,51.790000000000006,3.82,5.6499999999999995,11.8,6.5,18.35,6.659999999999999,,,72.46254,44.78801791059872,6.6,3518
2024-09-01,10.6,52.260000000000005,3.8299999999999996,5.6899999999999995,13.25,6.49,18.130000000000003,6.83,,,72.641926,44.86644784888689,6.4,3506
2024-10-01,10.75,52.39,3.79,5.59,11.69,6.41,18.07,7.819999999999999,,,73.10399,45.11920228370444,6.2,3525
2024-11-01,11.15,53.160000000000004,3.75,5.470000000000001,11.31,6.37,17.810000000000002,7.46,,,73.788794,45.508938184184785,6.1,3541
2024-12-01,11.89516129032258,53.11,3.63,5.4,12.65,6.46,18.04,7.39,,,73.512252,45.30560293824243,6.2,3555
2025-01-01,12.314516129032258,54.220000000000006,3.8899999999999997,5.74,13.06,7.09,19.57,8.06,,,74.602914,45.9445317445407,6.5,3572
2025-02-01,13.25,56.82,3.96,5.81,13.02,7.37,18.97,7.970000000000001,,,75.003387,46.15775859282648,6.8,3586
2025-03-01,13.637096774193548,57.08,4.03,5.91,12.6,7.319999999999999,18,7.74,,,75.769531,46.59552289217403,7,3596
2025-04-01,14.25,58.309999999999995,4.25,6.21,12.94,7.67,19.21,7.17,,,76.638531,47.09583156108621,6.6,3585
2025-05-01,14.637096774193548,58.98,4.359999999999999,6.38,13.68,7.91,18.77,6.81,,,77.07228,47.3281103034737,6.2,3600
2025-06-01,14.85,59.4,4.41,6.5,13.96,8.25,18.919999999999998,6.56,,,77.874599,47.78618724232258,5.8,3635
2025-07-01,15,58.44,4.659999999999999,6.73,15.09,8.66,19.88,6.17,,,78.161185,47.92733279183709,5.6,3633
2025-08-01,15,58.790000000000006,4.92,6.970000000000001,14.97,9.129999999999999,20.64,5.42,,,78.848843,48.31521840435231,5.6,3633
2025-09-01,15,58.660000000000004,4.89,6.89,14.44,8.78,19.610000000000003,5.17,,,79.166952,48.476246927706455,5.6,3645
2025-10-01,15,59.160000000000004,4.99,6.859999999999999,15.79,8.92,19.73,5.1499999999999995,,,80.436532,49.219227565150234,5.4,3661
2025-11-01,15,61.08,5.119999999999999,6.94,15.82,8.91,19,5.02,2.3499999999999996,12.1,80.609866,49.29081491561739,5.2,3700
2025-12-01,15,60.5,5.119999999999999,7.06,17.330000000000002,9.16,19.37,5.51,2.4899999999999998,12.18,81.248016,49.64629678557462,5.1,3734
2026-01-01,15,61.230000000000004,5.38,7.17,16.22,9.49,19.32,5.67,2.24,12.83,81.319333,49.65513335523013,5.4,3764
2026-02-01,15,62.120000000000005,5.56,7.42,16.09,10.11,19.62,6.57,2.86,13.41,81.731916,49.872165071397866,5.8,3774
2026-03-01,14.89516129032258,61.720000000000006,5.4,7.25,16.12,9.729999999999999,19.18,6.75,2.19,13.16,82.832491,50.50837716885126,6.1,3795
2026-04-01,14.741666666666667,62.99,5.51,7.37,15.55,10.09,18.52,7.45,2.22,13.65,83.389192,50.812264989473974,5.8,3776
2026-05-01,14.5,62.760000000000005,5.619999999999999,7.56,15.93,10.47,18.58,7.95,2.24,14.209999999999999,83.502846,50.845920628947106,5.6,3743
2026-06-01,14.391666666666667,63.949999999999996,5.57,7.63,16.14,10.56,17.43,8.629999999999999,2.32,14.34,83.737593,50.953181995680055,5.4,3738
2026-07-01,14.25,,,,,,,,,,83.931918,51.03568452940477,,
2026-08-01,14.25,,,,,,,,,,,,,
