Data_Trimestre,Selic_Meta,Taxa_Media_Juros_Credito,Inadimplencia_PF_Total,Inadimplencia_PF_Total_modalidades,Inadimplencia_Recursos_Livres_Total,Inadimplencia_Cheque_Especial,Inadimplencia_Credito_Pessoal_Nao_Consignado,Inadimplencia_Composicao_Dividas,Inadimplencia_Consignado_Privado,Inadimplencia_Nao_Consignado_Com_Garantia,Inadimplencia_Nao_Consignado_Sem_Garantia,Serasa_Inadimplentes_milhoes,Serasa_Dividas_Negativadas_milhoes,Serasa_Dividas_Negativadas_R_bilhoes,Serasa_Dividas_Media_por_CPF,Serasa_Divida_Media_R,Serasa_Ticket_Medio_R,Serasa_Populacao_Adulta_pct,Serasa_Genero_F_milhoes,Serasa_Genero_M_milhoes,Serasa_Ate_25_milhoes,Serasa_26_40_milhoes,Serasa_41_60_milhoes,Serasa_Acima_60_milhoes,PNAD_Taxa_Desocupacao_pct,PNAD_Rendimento_Medio_R,Itau_NPL90_Total_pct,Itau_NPL90_Brasil_pct,Itau_NPL90_PF_Brasil_pct,Itau_NPL90_MPME_Brasil_pct,Itau_NPL90_Grandes_Empresas_Brasil_pct,Itau_Carteira_PF_Total_R_milhoes,Itau_Carteira_Cartao_Credito_R_milhoes,Itau_Carteira_Credito_Pessoal_R_milhoes,Itau_Carteira_Credito_Consignado_R_milhoes,Itau_Carteira_Veiculos_R_milhoes,Itau_Carteira_Credito_Imobiliario_R_milhoes,Itau_Carteira_MPME_R_milhoes,Itau_Cobertura_Estagio3_PF_Brasil_pct,Itau_Cobertura_Estagio3_PJ_Brasil_pct,Itau_Cobertura_Estagio3_Brasil_pct,Itau_Cobertura_Estagio3_America_Latina_pct,Itau_Cobertura_Estagio3_Total_pct,Itau_NPL_Creation_Total_R_milhoes,Itau_NPL_Creation_Varejo_Brasil_R_milhoes,Itau_NPL_Creation_Atacado_Brasil_R_milhoes,Itau_NPL_Creation_America_Latina_R_milhoes
2010-07-01,10.75,,,,,,,,,,,,,,,,,,,,,,,,,,,,,,,,,,,,,,,,,,,,,,
2010-10-01,10.75,,,,,,,,,,,,,,,,,,,,,,,,,,,,,,,,,,,,,,,,,,,,,,
2011-01-01,11.303763440860214,47.59,4.619999999999999,4.619999999999999,5.54,10.82,6.9,17.04,4.74,,,,,,,,,,,,,,,,,,,,,,,,,,,,,,,,,,,,,,
2011-04-01,11.994444444444445,48.49333333333334,4.76,4.76,5.83,10.92,7.303333333333334,16.85,4.79,,,,,,,,,,,,,,,,,,,,,,,,,,,,,,,,,,,,,,
2011-07-01,12.279569892473118,48.32,4.966666666666667,4.966666666666667,6.276666666666666,12.103333333333333,7.859999999999999,16.726666666666667,4.983333333333333,,,,,,,,,,,,,,,,,,,,,,,,,,,,,,,,,,,,,,
2011-10-01,11.435483870967742,47.876666666666665,5.203333333333333,5.203333333333333,6.633333333333333,12.73,8.383333333333333,17.946666666666665,5.556666666666667,,,,,,,,,,,,,,,,,,,,,,,,,,,,,,,,,,,,,,
2012-01-01,10.403225806451614,48.05666666666667,5.373333333333333,5.373333333333333,6.966666666666667,12.916666666666666,8.463333333333333,19.276666666666667,5.673333333333333,,,,,,,,,,,,,,,,8,3166,,,,,,,,,,,,,,,,,,,,,
2012-04-01,8.977956989247312,45.3,5.45,5.45,7.136666666666667,13.276666666666666,8.54,18.866666666666667,5.516666666666667,,,,,,,,,,,,,,,,7.6,3176,,,,,,,,,,,,,,,,,,,,,
2012-07-01,7.881720430107527,42.1,5.41,5.41,7.183333333333334,13.98,9.19,18.84,5.213333333333333,,,,,,,,,,,,,,,,7.1,3196,,,,,,,,,,,,,,,,,,,,,
2012-10-01,7.276881720430108,40.086666666666666,5.216666666666667,5.216666666666667,7,14.4,8.870000000000001,20.166666666666668,5.54,,,,,,,,,,,,,,,,6.9,3181,,,,,,,,,,,,,,,,,,,,,
2013-01-01,7.25,39.78666666666667,4.996666666666667,4.996666666666667,6.726666666666667,14.896666666666667,8.6466666666666665,21.226666666666667,5.703333333333333,,,,,,,,,,,,,,,,8,3232,,,,,,,,,,,,,,,,,,,,,
2013-04-01,7.6301971326164875,39.63,4.793333333333333,4.793333333333333,6.483333333333333,14.133333333333333,8.023333333333333,21.48,5.069999999999999,,,,,,,,,,,,,,,,7.5,3268,,,,,,,,,,,,,,,,,,,,,
2013-07-01,8.629032258064516,41.35333333333333,4.493333333333333,4.493333333333333,6.156666666666666,13.926666666666668,7.443333333333333,20.326666666666668,4.96,,,,,,,,,,,,,,,,7,3311,,,,,,,,,,,,,,,,,,,,,
2013-10-01,9.63494623655914,42.81333333333333,4.17,4.17,5.796666666666667,13.646666666666667,7.083333333333333,19.293333333333333,5.0600000000000005,,,,,,,,,,,,,,,,6.2,3281,,,,,,,,,,,,,,,,,,,,,
2014-01-01,10.508640552995391,45.79666666666667,4.053333333333334,4.053333333333334,5.636666666666667,12.566666666666666,6.963333333333333,19.286666666666665,5.266666666666667,,,,,,,,,,,,,,,,7.2,3347,,,,,,,,,,,,,,,,,,,,,
2014-04-01,10.994444444444444,47.24,4.109999999999999,4.109999999999999,5.71,12.373333333333333,7.21,19.456666666666667,5.35,,,,,,,,,,,,,,,,6.9,3320,,,,,,,,,,,,,,,,,,,,,
2014-07-01,11,47.96333333333333,4.04,4.04,5.743333333333333,13.756666666666666,7.46,18.946666666666665,5.31,,,,,,,,,,,,,,,,6.8,3349,,,,,,,,,,,,,,,,,,,,,
2014-10-01,11.32258064516129,49.096666666666664,3.86,3.86,5.513333333333333,14.456666666666667,7.566666666666666,17.669999999999998,5.013333333333334,,,,,,,,,,,,,,,,6.6,3341,,,,,,,,,,,,,,,,,,,,,
2015-01-01,12.28225806451613,52.410000000000004,3.78,3.78,5.333333333333333,13.403333333333332,7.6866666666666665,16.493333333333332,5.243333333333333,,,,,,,,,,,,,,,,8,3340,,,,,,,,,,,,,,,,,,,,,
2015-04-01,13.238888888888889,56.2,3.7933333333333334,3.7933333333333334,5.3966666666666665,14.043333333333335,7.486666666666666,15.796666666666667,5.163333333333333,,,,,,,,,,,,,,,,8.4,3326,,,,,,,,,,,,,,,,,,,,,
2015-07-01,14.094086021505376,60.06666666666667,3.9066666666666663,3.9066666666666663,5.663333333333333,15.246666666666666,7.873333333333333,15.916666666666666,5.246666666666667,,,,,,,,,,,,,,,,9,3286,,,,,,,,,,,,,,,,,,,,,
2015-10-01,14.25,63.370000000000005,4.21,4.21,6.036666666666667,15.813333333333334,8.94,16.883333333333333,5.546666666666667,,,,,,,,,,,,,,,,9.1,3232,,,,,,,,,,,,,,,,,,,,,
2016-01-01,14.25,67.23333333333333,4.33,4.33,6.276666666666666,16.143333333333334,10.02,17.616666666666667,5.696666666666666,,,59.19091350239617,231.328,214.5540761959106,3.908167424897664,3624.7806208840652,927.4885711885746,,,,,,,,11,3238,,,,,,,,,,,,,,,,,,,,,
2016-04-01,14.25,70.43333333333334,4.273333333333333,4.273333333333333,6.32,14.69,10.153333333333332,17.71666666666667,5.433333333333334,,,59.232,230.58266666666665,224.8037011632332,3.892812116948806,3795.4697611579686,975.0185169927638,,,,,,,,11.4,3198,,,,,,,,,,,,,,,,,,,,,
2016-07-01,14.25,71.50333333333333,4.183333333333334,4.183333333333334,6.293333333333333,15.833333333333334,9.8533333333333335,17.633333333333333,5.18,,,58.766,226.31066666666666,226.07446251019132,3.851072961699884,3847.014555147209,998.9757785288505,,,,,,,,11.9,3224,,,,,,,,,,,,,,,,,,,,,
2016-10-01,13.96774193548387,72.26333333333334,4.126666666666667,4.126666666666667,6.176666666666667,16.14666666666667,9.216666666666665,17.84333333333333,5.056666666666667,,,58.99366666666667,225.60433333333333,228.58336778614685,3.8239823039214307,3874.741746438605,1013.6411185625827,39.601867437110414,,,,,,,12.1,3252,,,,,,,,,,,,,,,,,,,,,
2017-01-01,12.785138248847925,71.67333333333333,4.053333333333333,4.053333333333333,6.0200000000000005,15.856666666666667,8.836666666666666,17.88,4.95,,,59.086999999999996,226.93166666666667,229.68121630793976,3.840644855913251,3887.1671180469516,1012.1373883011456,39.44708967684188,,,,,,,13.9,3293,,,,,,,,,,,,,,,,,,,,,
2017-04-01,11.05,63.64666666666667,4.053333333333333,4.053333333333333,5.933333333333334,15.236666666666666,8.446666666666667,18.423333333333336,4.7299999999999995,,,59.90233333333333,228.07833333333335,231.3629843148743,3.807472892279963,3862.279438721913,1014.3927135272185,39.86290316685226,,,,,,,13.1,3260,,,,,,,,,,,,,,,,,,,,,
2017-07-01,9.274014336917562,61.50333333333333,3.9766666666666666,3.9766666666666666,5.773333333333333,15.253333333333332,8.299999999999999,18.41,4.5,,,59.80533333333333,225.99366666666666,229.248827025111,3.7788245095654767,3833.260709714175,1014.3975418140893,39.67336223376271,,,,,,,12.5,3272,,,,,,,,,,,,,,,,,,,,,
2017-10-01,7.567204301075269,57.05,3.78,3.78,5.476666666666667,15.09,8.196666666666667,18.12,4.3966666666666665,,,60.19166666666666,226.48733333333334,228.07391608588844,3.762778833854827,3789.089537515792,1006.9946490865458,39.8096887809663,,,,,,,11.9,3298,,,,,,,,,,,,,,,,,,,,,
2018-01-01,6.827284946236559,56.18666666666667,3.746666666666667,3.746666666666667,5.246666666666667,14.216666666666667,7.906666666666666,17.176666666666666,4.456666666666667,,,59.77213966666667,223.66624266666665,226.829550117,3.7420397085668484,3794.869570599503,1014.1238370408448,39.48794151074849,,,,,,,13.2,3323,,,,,,,,,,,,,,,,,,,,,
2018-04-01,6.5,53.88,3.6133333333333333,3.6133333333333333,5.1066666666666665,13.26,7.7700000000000005,16.196666666666665,4.366666666666667,,,60.88360333333333,227.59597533333334,235.18689551883332,3.738220663158621,3862.9153332957267,1033.3559553319797,40.1085672196735,,,,,,,12.6,3329,,,,,,,,,,,,,,,,,,,,,
2018-07-01,6.5,51.086666666666666,3.5266666666666664,3.5266666666666664,5.073333333333333,13.799999999999999,7.55,15.629999999999999,4.430000000000001,,,60.996769666666665,227.81216233333333,236.93876161216667,3.734821618029697,3884.45190588115,1040.0579325795586,40.0611273299552,,,,,,,12,3318,,,,,,,,,,,,,,,,,,,,,
2018-10-01,6.5,50.04333333333334,3.36,3.36,4.913333333333333,14.343333333333334,7.46,15.236666666666666,4.34,,,62.30355233333333,232.77731166666666,245.2085348713333,3.736162070348187,3935.4000124617173,1053.315472924649,40.79043948212271,,,,,,,11.7,3343,,,,,,,,,,,,,,,,,,,,,
2019-01-01,6.5,51.64333333333333,3.383333333333333,3.383333333333333,4.826666666666666,13.613333333333333,7.346666666666667,15.143333333333334,4.2333333333333325,,,62.43645766666667,229.65648533333334,245.347181938,3.678271295179257,3929.464533286581,1068.297405943722,40.74401543762747,30.731983,31.704474666666666,8.621281666666667,23.476006666666667,21.070783,9.268386333333334,12.8,3361,,,,,,,,,,,,,,,,,,,,,
2019-04-01,6.5,52.11,3.4233333333333333,3.4233333333333333,4.8566666666666665,13.936666666666667,7.583333333333333,14.966666666666667,4.076666666666666,,,63.34353466666667,229.71864566666667,250.14405210616667,3.6265612090869705,3948.975593966978,1088.9148551432108,41.086315349827714,31.188998,32.154536666666665,8.601621333333334,23.675342333333333,21.477457,9.589114,12.1,3320,,,,,,,,,,,,,,,,,,,,,
2019-07-01,6.1,50.61333333333333,3.54,3.54,4.98,14.95,7.793333333333333,14.63,3.973333333333333,,,63.365972,228.119209,253.64877259666667,3.600002058571502,4002.9174684563595,1111.9300184878546,41.045354290409705,31.177299666666666,32.188672333333336,8.525175333333333,23.621742333333334,21.556323666666664,9.662730666666667,11.9,3325,,,,,,,,,,,,,,,,,,,,,
2019-10-01,5.053763440860215,47.85666666666667,3.5766666666666667,3.5766666666666667,5.076666666666666,16.563333333333333,7.9799999999999995,14.51,4.036666666666666,,,63.666573666666665,226.556469,255.70878584616665,3.5584636871784796,4016.4478998852096,1128.728119108222,41.123555135424006,31.300709333333334,32.365864333333334,8.530835333333334,23.584252666666668,21.738668999999998,9.812816666666667,11.1,3353,,,,,,,,,,,,,,,,,,,,,
2020-01-01,4.277808676307008,46.32,3.783333333333333,3.783333333333333,5.17,15.833333333333334,8.213333333333333,14.896666666666667,4.216666666666667,,,64.16156666666667,226.80063666666666,257.31399608065135,3.5349570407131674,4010.514703473564,1134.5279156515771,41.327115332991795,31.723719666666664,32.437847,8.584234,23.622421333333335,21.976401,9.978510333333332,12.4,3391,,,,,,,,,,,,,,,,,,,,,
2020-04-01,3.19005376344086,42.333333333333336,3.9466666666666668,3.9466666666666668,5.56,16.553333333333335,8.366666666666667,12.443333333333333,4.216666666666667,,,65.047082,225.68986533333333,253.39910524457568,3.4695932549944466,3895.505165398042,1122.750731657636,41.76813070343899,32.43673266666667,32.61034933333333,8.436819333333334,23.648569666666667,22.545283666666666,10.416409333333332,13.6,3538,,,,,,,,,,,,,,,,,,,,,
2020-07-01,2.096774193548387,38.27666666666667,3.353333333333333,3.353333333333333,4.96,15.796666666666667,6.886666666666667,7.98,4.216666666666667,,,63.10561666666667,219.580886,249.076294027717,3.47960105348548,3946.934260239592,1134.323130121551,40.39598758921713,31.447189333333334,31.658427333333332,7.9516556666666665,22.79921433333333,21.974372,10.380374666666667,14.9,3577,,,,,,,,,,,,,,,,,,,,,
2020-10-01,2,37.29666666666667,3.0066666666666664,3.0066666666666664,4.3933333333333335,13.173333333333334,5.743333333333333,8.656666666666666,4.273333333333333,,,61.863255333333335,214.656893,241.23771614302234,3.469855772245308,3899.3251367106614,1123.7687001676961,39.50971454380604,30.829535,31.03372033333333,7.596358666666667,22.24304,21.623380333333333,10.400476333333334,14.2,3434,,,,,,,,,,,,,,,,,,,,,
2021-01-01,2.1129032258064515,39.21,2.94,2.94,4.14,10.536666666666667,5.316666666666666,12.06,4.226666666666667,,,61.92723433333333,212.04769633333333,241.55982847158234,3.424296194369879,3900.6938409911104,1139.2059176485502,39.45933168476766,30.931506,30.995728333333332,7.589139,22.222672333333332,21.640737,10.474686,14.9,3404,,,,,,,,,,,,,,,,,,,,,
2021-04-01,3.326344086021505,39.49666666666667,2.9566666666666666,2.9566666666666666,4.123333333333333,9.546666666666667,5.296666666666667,13.603333333333333,4.073333333333333,,,62.68326966666667,212.103901,247.84324017378967,3.3837306347843303,3953.9284873726747,1168.5147235054883,39.84940625185937,31.420218666666667,31.263051,7.723936,22.450490666666667,21.864169999999998,10.644673000000001,14.2,3308,,,,,,,,,,,,,,,,,,,,,
2021-07-01,4.9625448028673835,39.593333333333334,2.9699999999999998,2.9699999999999998,4.216666666666667,10.506666666666668,5.126666666666667,12.95,4.12,,,62.227589,208.82709333333332,244.95030045716032,3.355860131586051,3936.363332631206,1172.9854494194062,39.501733712968004,31.209588333333333,31.018000666666666,7.6765723333333336,22.284073,21.637739666666665,10.629204,12.7,3174,,,,,,,,,,,,,,,,,,,,,
2021-10-01,7.685483870967742,43.35666666666667,3.0166666666666666,3.0166666666666666,4.366666666666666,10.416666666666666,5.126666666666666,13.003333333333334,4.35,,,63.88185566666667,214.155778,254.49692782177834,3.3524018319628954,3983.873502929245,1188.3491666343266,40.467037433027734,32.03306966666667,31.848786,7.966509333333334,22.804279,22.10217,11.008897333333334,11.1,3061,,,,,,,,,,,,,,,,,,,,,
2022-01-01,10.37557603686636,47.163333333333334,3.3633333333333333,3.3633333333333333,4.823333333333333,11.04,5.693333333333333,13.123333333333333,4.883333333333333,,,65.22685666666666,221.42440366666668,263.3220920163993,3.394649598066886,4036.9684776334584,1189.213485001713,41.23263071692095,32.71585,32.51100666666667,8.281257666666667,23.208118,22.443401666666666,11.294079333333334,11.1,3106,,,,,,,,,,,,,,,,,,,,,
2022-04-01,12.456989247311828,49.75666666666667,3.5866666666666664,3.5866666666666664,5.273333333333333,11.393333333333333,6.553333333333333,14.530000000000001,4.826666666666667,,,66.510371,228.950719,277.109587086436,3.4422525752823954,4166.225129867717,1210.2861059058887,41.95609169521276,33.33807866666667,33.17229233333333,8.551168666666667,23.644982666666667,22.835120333333332,11.479099333333332,9.3,3136,,,,,,,,,,,,,,,,,,,,,
2022-07-01,13.567204301075268,52.77,3.763333333333333,3.763333333333333,5.693333333333333,12.293333333333333,7.513333333333334,14.926666666666668,5.09,,,67.99885966666666,238.11373866666668,290.95215616114933,3.5016504326492504,4278.644723189364,1221.885802744819,42.803134183115354,34.111084999999996,33.887774666666665,8.828415,24.179325333333335,23.252372666666666,11.738746666666668,8.7,3252,,,,,,,,,,,,,,,,,,,,,
2022-10-01,13.75,55.43333333333334,3.9166666666666665,3.9166666666666665,5.95,12.91,8.03,15.433333333333334,4.4366666666666665,,,69.44023566666667,246.01477,308.179514961866,3.5428068362173475,4437.894401477787,1252.6127555269068,43.612408100173404,34.81978133333333,34.620454333333335,8.957729333333333,24.53378466666667,23.755537666666665,12.193184,7.9,3310,,,,,,,,,,,,,,,,,,,,,
2023-01-01,13.75,56.57333333333333,4.126666666666666,4.126666666666666,6.22,12.6,8.186666666666666,16.746666666666666,3.8266666666666667,,,70.44243933333334,255.36345866666665,328.17152024761134,3.625050511954722,4658.561432214538,1285.0675884673153,44.14248432620859,35.38858233333333,35.053857,9.040202666666667,24.814224666666668,24.109594,12.478418,8.8,3330,,,,,,,,,,,,,,,,,,,,,
2023-04-01,13.75,58.54666666666667,4.286666666666666,4.286666666666666,6.413333333333333,12.9,8.113333333333333,18.163333333333334,4,,,71.59889466666667,262.811596,344.1994743382583,3.6705935955818507,4807.324105524551,1309.6742464829556,44.76649122344998,36.030773333333336,35.56812133333333,9.134288,25.185258666666666,24.562630333333335,12.716717666666666,8,3329,,,,,,,,,,,,,,,,,,,,,
2023-07-01,13.371863799283155,56.516666666666666,4.113333333333333,4.113333333333333,6.193333333333333,12.476666666666667,7.576666666666666,17.633333333333333,4.52,,,71.66008533333333,268.210664,357.831401947975,3.742765742856085,4993.307620054969,1334.0610329037527,44.70296864417898,36.116066000000004,35.54401933333333,8.963465333333334,25.079126666666667,24.697492333333333,12.920001,7.7,3384,,,,,,,,,,,,,,,,,,,,,
2023-10-01,12.325448028673835,54.61,3.8666666666666667,3.8666666666666667,5.8966666666666665,14.01,6.8966666666666665,16.636666666666667,5.706666666666667,,,71.621291,269.552058,374.266472337318,3.763561531236463,5225.4560984884265,1388.4370790728074,44.57541395213495,36.088868,35.532423,8.918753333333333,24.952908,24.690734666666668,13.058895,7.4,3410,,,,,,,,,,,,,,,,,,,,,
2024-01-01,11.35752688172043,52.75666666666667,3.7433333333333336,3.7433333333333336,5.6466666666666665,12.35,6.5200000000000005,16.656666666666666,6.55,,,72.33463333333333,272.35162966666667,384.11989933648067,3.76517610412429,5310.308272654189,1410.3757568426238,44.914719124730304,36.430811,35.90382233333333,8.905269333333333,25.081114,24.977572,13.370678,7.9,3460,,,,,,413434.264,130932.37500000001,62455.61,73453.79399999998,33797.628,112794.85500000001,232084.82119034175,,,,,,9039.43,8113.851000000001,203.46800000000002,722.11
2024-04-01,10.60483870967742,52.68333333333334,3.76,3.76,5.6466666666666665,12.003333333333334,6.496666666666667,17.849999999999998,6.5200000000000005,,,72.81875633333334,273.841052,395.58215026708365,3.7606687794338387,5432.680890878471,1444.5789788064985,45.110709619775974,36.65893666666667,36.159819666666664,8.882923333333334,25.203717666666666,25.202956333333333,13.529159,6.9,3520,,,,,,418286.04199999996,130938.011,63891.542,74013.055,34844.896,114598.535,243570.51346520628,,,,,,10177.406999999996,8564.763999999997,253.76999999999998,1358.8709999999999
2024-07-01,10.533333333333333,52.080000000000005,3.81,3.81,5.663333333333333,12.386666666666667,6.526666666666666,18.290000000000003,6.736666666666666,,,72.58953733333334,272.11062733333335,392.052556394591,3.7486234457056087,5400.945236455738,1440.7734964905105,44.866522217091315,36.56437866666667,36.02515866666667,8.836894333333333,25.069811,25.108430333333335,13.574401666666667,6.4,3506,,,,,,428727.827,133211.087,65857.108,74747.786,35883.102999999996,119028.73999999999,258935.7393343049,,,,,,8975.993,7927.367,91.252,957.373
2024-10-01,11.26505376344086,52.88666666666667,3.723333333333333,3.723333333333333,5.486666666666667,11.883333333333333,6.413333333333333,17.973333333333333,7.556666666666667,,,73.46834533333333,275.43569333333335,405.53432509728964,3.7491257164786127,5519.774127945345,1472.3746549903601,45.31124780204389,37.012589,36.45575633333333,8.878089,25.258439666666668,25.388362333333333,13.943454333333333,6.2,3555,1.9572135629326521,2.0907258431064357,3.78461967307949,1.7368145696400181,0.12756491487481977,444763.978,142206.82899999997,65931.46399999999,74429.746,36521.217000000004,125674.72100000002,278817.11837697675,59.781289974285926,55.28146159905045,57.59526247832437,42.43009409257395,55.032370492107304,8195.916999999996,7241.06,92.41000000000001,862.4459999999999
2025-01-01,13.067204301075268,56.04,3.96,3.96,5.82,12.893333333333333,7.26,18.846666666666668,7.923333333333334,,,75.12527733333333,284.98637333333335,431.95306559469265,3.7934328522658025,5749.384251103588,1515.5328804833828,46.23260440984707,37.79642466666667,37.32885266666666,9.088226333333333,25.94101566666667,25.955168666666665,14.140866666666668,7,3596,,,,,,448809.7469999999,138912.971,67349.38600000001,74065.507,36845.655000000006,131636.225,273155.7448807439,61.378022022997456,55.91682185053662,58.72029870012974,43.10060302849897,56.12583033275249,7748.711748932466,6847.2797306297925,-31.85036194733183,933.2823802500066
2025-04-01,14.579032258064515,58.89666666666666,4.34,4.34,6.363333333333333,13.526666666666667,7.943333333333333,18.966666666666665,6.846666666666667,,,77.19513666666667,299.05338566666666,466.64984835166666,3.873796923061307,6044.636066078632,1560.3535216876628,47.40337636896083,38.844771333333334,38.350365333333336,9.250951666666667,26.707666666666668,26.799128,14.437390333333333,5.8,3635,,,,,,451904.712,141084.68399999998,67415.56199999999,72806.43799999998,36246.876000000004,134351.15,275362.8619266759,59.23602684684437,57.093882021648476,58.23207451453999,43.35033518659347,55.799404376677096,9441.395609335528,8408.633479180282,180.44938829525583,852.3127418599964
2025-07-01,15,58.63,4.823333333333333,4.823333333333333,6.863333333333333,14.833333333333334,8.856666666666666,20.043333333333333,5.586666666666667,,,78.72566,311.3634386666667,491.2130612843333,3.954977863691793,6239.329080794672,1577.5726410558136,48.23959937463195,39.61621933333333,39.109440666666664,9.252078,27.123243666666667,27.390739333333332,14.959599,5.6,3645,,,,,,456394.42900000006,142184.115,68390.91399999999,72415.04799999998,36327.494999999995,137076.85499999998,278443.77021957206,59.582154267724896,57.79251146386396,58.73306174911625,40.1884271661091,55.91018518416334,9484.772999999997,8502.304999999998,352.512,629.9549999999999
2025-10-01,15,60.24666666666667,5.076666666666666,5.076666666666666,6.953333333333333,16.313333333333333,8.996666666666666,19.366666666666667,5.226666666666667,2.42,12.14,80.76480466666666,322.782941,513.085638495,3.9965528750929975,6352.742793183754,1589.552132153336,49.38544642211408,40.70130433333333,40.06350033333333,9.280326666666666,27.573959666666667,28.216008666666667,15.694509666666667,5.1,3734,,,,,,474298.9390000001,153526.906,67400.976,75319.39699999998,36303.138999999996,141748.519,303064.61397394224,59.653887725773004,55.39942617768757,57.826042884242014,39.35314490066473,54.71934595215585,9964.236999999997,8692.961999999996,318.64900000000006,952.625
2026-01-01,14.96505376344086,61.690000000000005,5.446666666666666,5.446666666666666,7.28,16.143333333333334,9.776666666666666,19.373333333333335,6.33,2.43,13.133333333333333,81.96124666666667,332.5616416666667,540.4649943873334,4.057373443547775,6593.312833058158,1624.9134749761229,50.011891865159754,41.386544,40.57470266666667,9.380179333333334,27.957339,28.681277333333334,15.942450999999998,6.1,3795,1.9024627070783184,2.052465945192335,3.594870963688294,1.8506912013956476,0.09133396131920701,479474.461,150234.42099999997,68589.49499999998,78598.146,35670.204999999994,146382.192,302802.4242758477,59.27872589312301,52.154517201944664,56.01384623353572,39.67390560208462,53.55000345848397,9693.709943425429,9043.900255041292,294.8778828285812,355.4411362800026
2026-04-01,14.544444444444444,63.233333333333334,5.566666666666666,5.566666666666666,7.52,15.873333333333333,10.373333333333333,18.176666666666666,8.01,2.2600000000000002,14.066666666666666,83.54321033333333,344.21213233333333,574.0107608316666,4.120160477670299,6870.752517236679,1667.5827328675957,50.87045587136704,42.19806666666667,41.345143666666665,9.473913666666666,28.40723266666667,29.328115333333333,16.333948666666668,5.4,3738,,,,,,487126.762,150432.014,68144.84299999998,81331.496,35055.198,152163.208,307417.5256112489,58.96131905406444,52.89556513909963,56.17655435290556,39.70236432718319,53.81922346248646,10657.366023859946,9595.051069667725,284.0874932622208,778.2274609299989
2026-07-01,14.25,,,,,,,,,,,83.931918,348.310896,586.451721937,4.1499217973310225,6987.23126924134,1683.7019130661938,51.03568452940477,42.403304,41.528614,9.438497,28.445168,29.53223,16.516023,,,,,,,,,,,,,,,,,,,,,,,
2026-10-01,,,,,,,,,,,,,,,,,,,,,,,,,,,,,,,,,,,,,,,,,,,,,,,
2030-04-01,,,,,,,,,,,,,,,,,,,,,,,,,,,1.9069600638452286,1.9973442954059375,3.634426838742752,1.6276620375463382,0.08312508137895099,,,,,,,,,,,,,,,,
2030-04-01,,,,,,,,,,,,,,,,,,,,,,,,,,,1.9069600638452286,1.9973442954059375,3.634426838742752,1.6276620375463382,0.05567299892585139,,,,,,,,,,,,,,,,
2030-04-01,,,,,,,,,,,,,,,,,,,,,,,,,,,1.9069600638452286,1.9973442954059375,3.634426838742752,2.0140765807225725,0.08312508137895099,,,,,,,,,,,,,,,,
2030-04-01,,,,,,,,,,,,,,,,,,,,,,,,,,,1.9069600638452286,1.9973442954059375,3.634426838742752,2.0140765807225725,0.05567299892585139,,,,,,,,,,,,,,,,
2030-04-01,,,,,,,,,,,,,,,,,,,,,,,,,,,1.9069600638452286,1.9973442954059375,3.7106391877379927,1.6276620375463382,0.08312508137895099,,,,,,,,,,,,,,,,
2030-04-01,,,,,,,,,,,,,,,,,,,,,,,,,,,1.9069600638452286,1.9973442954059375,3.7106391877379927,1.6276620375463382,0.05567299892585139,,,,,,,,,,,,,,,,
2030-04-01,,,,,,,,,,,,,,,,,,,,,,,,,,,1.9069600638452286,1.9973442954059375,3.7106391877379927,2.0140765807225725,0.08312508137895099,,,,,,,,,,,,,,,,
2030-04-01,,,,,,,,,,,,,,,,,,,,,,,,,,,1.9069600638452286,1.9973442954059375,3.7106391877379927,2.0140765807225725,0.05567299892585139,,,,,,,,,,,,,,,,
2030-04-01,,,,,,,,,,,,,,,,,,,,,,,,,,,1.9069600638452286,2.1145415743122165,3.634426838742752,1.6276620375463382,0.08312508137895099,,,,,,,,,,,,,,,,
2030-04-01,,,,,,,,,,,,,,,,,,,,,,,,,,,1.9069600638452286,2.1145415743122165,3.634426838742752,1.6276620375463382,0.05567299892585139,,,,,,,,,,,,,,,,
2030-04-01,,,,,,,,,,,,,,,,,,,,,,,,,,,1.9069600638452286,2.1145415743122165,3.634426838742752,2.0140765807225725,0.08312508137895099,,,,,,,,,,,,,,,,
2030-04-01,,,,,,,,,,,,,,,,,,,,,,,,,,,1.9069600638452286,2.1145415743122165,3.634426838742752,2.0140765807225725,0.05567299892585139,,,,,,,,,,,,,,,,
2030-04-01,,,,,,,,,,,,,,,,,,,,,,,,,,,1.9069600638452286,2.1145415743122165,3.7106391877379927,1.6276620375463382,0.08312508137895099,,,,,,,,,,,,,,,,
2030-04-01,,,,,,,,,,,,,,,,,,,,,,,,,,,1.9069600638452286,2.1145415743122165,3.7106391877379927,1.6276620375463382,0.05567299892585139,,,,,,,,,,,,,,,,
2030-04-01,,,,,,,,,,,,,,,,,,,,,,,,,,,1.9069600638452286,2.1145415743122165,3.7106391877379927,2.0140765807225725,0.08312508137895099,,,,,,,,,,,,,,,,
2030-04-01,,,,,,,,,,,,,,,,,,,,,,,,,,,1.9069600638452286,2.1145415743122165,3.7106391877379927,2.0140765807225725,0.05567299892585139,,,,,,,,,,,,,,,,
2030-04-01,,,,,,,,,,,,,,,,,,,,,,,,,,,1.9487979249572445,1.9973442954059375,3.634426838742752,1.6276620375463382,0.08312508137895099,,,,,,,,,,,,,,,,
2030-04-01,,,,,,,,,,,,,,,,,,,,,,,,,,,1.9487979249572445,1.9973442954059375,3.634426838742752,1.6276620375463382,0.05567299892585139,,,,,,,,,,,,,,,,
2030-04-01,,,,,,,,,,,,,,,,,,,,,,,,,,,1.9487979249572445,1.9973442954059375,3.634426838742752,2.0140765807225725,0.08312508137895099,,,,,,,,,,,,,,,,
2030-04-01,,,,,,,,,,,,,,,,,,,,,,,,,,,1.9487979249572445,1.9973442954059375,3.634426838742752,2.0140765807225725,0.05567299892585139,,,,,,,,,,,,,,,,
2030-04-01,,,,,,,,,,,,,,,,,,,,,,,,,,,1.9487979249572445,1.9973442954059375,3.7106391877379927,1.6276620375463382,0.08312508137895099,,,,,,,,,,,,,,,,
2030-04-01,,,,,,,,,,,,,,,,,,,,,,,,,,,1.9487979249572445,1.9973442954059375,3.7106391877379927,1.6276620375463382,0.05567299892585139,,,,,,,,,,,,,,,,
2030-04-01,,,,,,,,,,,,,,,,,,,,,,,,,,,1.9487979249572445,1.9973442954059375,3.7106391877379927,2.0140765807225725,0.08312508137895099,,,,,,,,,,,,,,,,
2030-04-01,,,,,,,,,,,,,,,,,,,,,,,,,,,1.9487979249572445,1.9973442954059375,3.7106391877379927,2.0140765807225725,0.05567299892585139,,,,,,,,,,,,,,,,
2030-04-01,,,,,,,,,,,,,,,,,,,,,,,,,,,1.9487979249572445,2.1145415743122165,3.634426838742752,1.6276620375463382,0.08312508137895099,,,,,,,,,,,,,,,,
2030-04-01,,,,,,,,,,,,,,,,,,,,,,,,,,,1.9487979249572445,2.1145415743122165,3.634426838742752,1.6276620375463382,0.05567299892585139,,,,,,,,,,,,,,,,
2030-04-01,,,,,,,,,,,,,,,,,,,,,,,,,,,1.9487979249572445,2.1145415743122165,3.634426838742752,2.0140765807225725,0.08312508137895099,,,,,,,,,,,,,,,,
2030-04-01,,,,,,,,,,,,,,,,,,,,,,,,,,,1.9487979249572445,2.1145415743122165,3.634426838742752,2.0140765807225725,0.05567299892585139,,,,,,,,,,,,,,,,
2030-04-01,,,,,,,,,,,,,,,,,,,,,,,,,,,1.9487979249572445,2.1145415743122165,3.7106391877379927,1.6276620375463382,0.08312508137895099,,,,,,,,,,,,,,,,
2030-04-01,,,,,,,,,,,,,,,,,,,,,,,,,,,1.9487979249572445,2.1145415743122165,3.7106391877379927,1.6276620375463382,0.05567299892585139,,,,,,,,,,,,,,,,
2030-04-01,,,,,,,,,,,,,,,,,,,,,,,,,,,1.9487979249572445,2.1145415743122165,3.7106391877379927,2.0140765807225725,0.08312508137895099,,,,,,,,,,,,,,,,
2030-04-01,,,,,,,,,,,,,,,,,,,,,,,,,,,1.9487979249572445,2.1145415743122165,3.7106391877379927,2.0140765807225725,0.05567299892585139,,,,,,,,,,,,,,,,
2030-07-01,,,,,,,,,,,,,,,,,,,,,,,,,,,1.8810740427957835,1.9903190375017075,3.5590890958096915,1.6907353349982002,0.10704348179886766,,,,,,,,,,,,,,,,
2031-01-01,,,,,,,,,,,,,,,,,,,,,,,,,,,1.905197225967931,2.0038255411908557,3.62056468894698,1.6268544310077409,0.09525830668768723,,,,,,,,,,,,,,,,
2031-10-01,,,,,,,,,,,,,,,,,,,,,,,,,,,1.8901840562591181,2.029124555159855,3.6153511417933633,1.7836900991843991,0.07549960366861236,,,,,,,,,,,,,,,,
