Serie,Frequencia,Amostra,N,Inicio,Fim,Media,Mediana,Variancia,Desvio_Padrao
GGR_Nacional_R_bilhoes,Anual,2021-2030; inclui projecoes 2026-2030,10,2021-01-01,2030-01-01,11.43,16.95,100.62455555555555,10.031179170743366
GGR_Offshore_R_bilhoes,Anual,2021-2030; inclui projecoes 2026-2030,10,2021-01-01,2030-01-01,6.96,4.9,19.255999999999997,4.388165903882851
GGR_Total_R_bilhoes,Anual,2021-2030; inclui projecoes 2026-2030,10,2021-01-01,2030-01-01,18.39,21.25,62.47877777777778,7.904351825278135
PIB_Crescimento_Real_pct,Anual,Historica disponivel no arquivo,0,,,,,,
PIB_Per_Capita_R,Anual,Historica disponivel no arquivo,0,,,,,,
PIB_Valores_Correntes_R_milhoes,Anual,Historica disponivel no arquivo,70,1947-01-01,2016-01-01,31107424.517884143,799949.803906199,44581474013998080,211143254.7205761
Inadimplencia_Cheque_Especial,Mensal,Observada,184,2011-03-01,2026-06-01,13.717228260869565,13.66,3.2661294339510576,1.807243601164784
Inadimplencia_Composicao_Dividas,Mensal,Observada,184,2011-03-01,2026-06-01,16.835760869565217,17.4,7.289414718460441,2.6998916123541776
Inadimplencia_Consignado_Privado,Mensal,Observada,184,2011-03-01,2026-06-01,5.118152173913043,5.02,0.9144839985744833,0.9562865671829147
Inadimplencia_Credito_Pessoal_Nao_Consignado,Mensal,Observada,184,2011-03-01,2026-06-01,7.752880434782608,7.785,1.478931002019482,1.2161130712312411
Inadimplencia_Nao_Consignado_Com_Garantia,Mensal,Observada,8,2025-11-01,2026-06-01,2.36375,2.2800000000000002,0.04939821428571424,0.22225709051842246
Inadimplencia_Nao_Consignado_Sem_Garantia,Mensal,Observada,8,2025-11-01,2026-06-01,13.235,13.285,0.7064857142857143,0.8405270455409001
Inadimplencia_PF_Total,Mensal,Observada,184,2011-03-01,2026-06-01,4.081304347826086,3.995,0.45868353528153955,0.6772617922794254
Inadimplencia_PF_Total_modalidades,Mensal,Observada,184,2011-03-01,2026-06-01,4.081304347826086,3.995,0.45868353528153955,0.6772617922794254
Inadimplencia_Recursos_Livres_Total,Mensal,Observada,184,2011-03-01,2026-06-01,5.772663043478261,5.735,0.6456469678070801,0.803521603821005
Selic_Meta,Mensal,Observada,193,2010-08-01,2026-08-01,10.128426158598788,10.943548387096774,13.45132006477554,3.6676041314154313
Serasa_26_40_milhoes,Mensal,Observada,91,2019-01-01,2026-07-01,24.587970175824175,24.464351,3.042700780164969,1.744333907302432
Serasa_41_60_milhoes,Mensal,Observada,91,2019-01-01,2026-07-01,24.014710054945056,23.621664,5.8165669452121636,2.411755987908429
Serasa_Acima_60_milhoes,Mensal,Observada,91,2019-01-01,2026-07-01,12.24979842857143,12.020492,4.293520460311203,2.0720811905693277
Serasa_Ate_25_milhoes,Mensal,Observada,91,2019-01-01,2026-07-01,8.665530835164835,8.82357,0.2982349936792948,0.5461089576991892
Serasa_Divida_Media_R,Mensal,Observada,125,2016-03-01,2026-07-01,4546.732535252891,3995.247990590334,861591.938500507,928.2197684279877
Serasa_Dividas_Media_por_CPF,Mensal,Observada,125,2016-03-01,2026-07-01,3.6919602178585196,3.7365580289799674,0.03853146766727041,0.19629433936634652
Serasa_Dividas_Negativadas_R_bilhoes,Mensal,Observada,125,2016-03-01,2026-07-01,310.6180528816348,255.077081287605,10130.009739604544,100.64794950521618
Serasa_Dividas_Negativadas_milhoes,Mensal,Observada,125,2016-03-01,2026-07-01,247.730572936,229.393,1278.8980496350077,35.761684099536026
Serasa_Genero_F_milhoes,Mensal,Observada,91,2019-01-01,2026-07-01,34.82584992307692,34.619754,12.406870533784227,3.5223387874797374
Serasa_Genero_M_milhoes,Mensal,Observada,91,2019-01-01,2026-07-01,34.69215957142857,34.436886,9.621066880779981,3.1017844671704675
Serasa_Inadimplentes_milhoes,Mensal,Observada,125,2016-03-01,2026-07-01,66.92105578001917,63.85141,50.24008092912668,7.0880237675339854
Serasa_Populacao_Adulta_pct,Mensal,Observada,117,2016-11-01,2026-07-01,42.79667057909268,41.23367736198536,11.078011361373118,3.328364667726948
Serasa_Ticket_Medio_R,Mensal,Observada,125,2016-03-01,2026-07-01,1226.9748535853869,1163.5225164813558,42483.43363190988,206.1150980202806
Taxa_Media_Juros_Credito,Mensal,Observada,184,2011-03-01,2026-06-01,52.12413043478261,51.875,79.51421891185555,8.91707457139703
PNAD_Rendimento_Medio_R,Mensal - trimestre movel de 3 meses,Observada,172,2012-03-01,2026-06-01,3350.2383720930234,3323,23285.45746634027,152.59573213671564
PNAD_Taxa_Desocupacao_pct,Mensal - trimestre movel de 3 meses,Observada,172,2012-03-01,2026-06-01,9.595348837209302,8.75,8.036937304501564,2.8349492595991137
Itau_Carteira_Cartao_Credito_R_milhoes,Trimestral,Observada,10,2024-01-01,2026-04-01,141366.3413,141634.3995,66700891.24965478,8167.061359488784
Itau_Carteira_Credito_Consignado_R_milhoes,Trimestral,Observada,10,2024-01-01,2026-04-01,75118.04129999998,74247.6265,7679750.7116504805,2771.2363146528087
Itau_Carteira_Credito_Imobiliario_R_milhoes,Trimestral,Observada,10,2024-01-01,2026-04-01,131545.5,132993.6875,179746259.7851478,13406.948190589377
Itau_Carteira_Credito_Pessoal_R_milhoes,Trimestral,Observada,10,2024-01-01,2026-04-01,66542.68999999999,67375.18100000001,4099776.02958998,2024.7903668256572
Itau_Carteira_MPME_R_milhoes,Trimestral,Observada,10,2024-01-01,2026-04-01,275365.51332548604,276903.31607312395,636411764.2842728,25227.20286286755
Itau_Carteira_PF_Total_R_milhoes,Trimestral,Observada,10,2024-01-01,2026-04-01,450322.1161,450357.22949999996,633913773.3965518,25177.644317857696
Itau_Carteira_Veiculos_R_milhoes,Trimestral,Observada,10,2024-01-01,2026-04-01,35749.5412,36064.989499999996,868820.6188777365,932.1054762620679
Itau_Cobertura_Estagio3_America_Latina_pct,Trimestral,Observada,7,2024-10-01,2026-04-01,41.11412490052972,40.1884271661091,3.1172955183854114,1.7655864516883368
Itau_Cobertura_Estagio3_Brasil_pct,Trimestral,Observada,7,2024-10-01,2026-04-01,57.613877273256236,57.826042884242014,1.255044559415253,1.1202877127841995
Itau_Cobertura_Estagio3_PF_Brasil_pct,Trimestral,Observada,7,2024-10-01,2026-04-01,59.695917969259014,59.582154267724896,0.6294426311785616,0.7933742062725266
Itau_Cobertura_Estagio3_PJ_Brasil_pct,Trimestral,Observada,7,2024-10-01,2026-04-01,55.21916935054734,55.39942617768757,4.241826402240677,2.059569470117645
Itau_Cobertura_Estagio3_Total_pct,Trimestral,Observada,7,2024-10-01,2026-04-01,54.993766179832356,55.032370492107304,1.051874014458473,1.0256090943719605
Itau_NPL90_Brasil_pct,Trimestral,Observada,37,2024-10-01,2031-10-01,2.0528820226389635,2.029124555159855,0.0032916344986248505,0.057372767918454574
Itau_NPL90_Grandes_Empresas_Brasil_pct,Trimestral,Observada,37,2024-10-01,2031-10-01,0.07344512306016303,0.08312508137895099,3.169624391548602e-4,0.01780343896989737
Itau_NPL90_MPME_Brasil_pct,Trimestral,Observada,37,2024-10-01,2031-10-01,1.809637933203475,1.7368145696400181,0.034827103748044916,0.18662021259243308
Itau_NPL90_PF_Brasil_pct,Trimestral,Observada,37,2024-10-01,2031-10-01,3.667447351000263,3.634426838742752,0.002304011649666822,0.048000121350542664
Itau_NPL90_Total_pct,Trimestral,Observada,37,2024-10-01,2031-10-01,1.925088092320902,1.9069600638452286,5.37434279266847e-4,0.023182628825628188
Itau_NPL_Creation_America_Latina_R_milhoes,Trimestral,Observada,10,2024-01-01,2026-04-01,840.2643719320005,857.3793709299982,66852.70550897814,258.5589014305602
Itau_NPL_Creation_Atacado_Brasil_R_milhoes,Trimestral,Observada,10,2024-01-01,2026-04-01,203.9625402438726,228.619,14854.976616383708,121.88099366342443
Itau_NPL_Creation_Total_R_milhoes,Trimestral,Observada,10,2024-01-01,2026-04-01,9337.894032555336,9463.084304667762,782961.0945192105,884.8508882965596
Itau_NPL_Creation_Varejo_Brasil_R_milhoes,Trimestral,Observada,10,2024-01-01,2026-04-01,8293.717353451908,8455.46923959014,656961.6342793765,810.5316985037516
