"","Selic_Meta","Taxa_Media_Juros_Credito","Inadimplencia_PF_Total","Inadimplencia_PF_Total_modalidades","Inadimplencia_Recursos_Livres_Total","Inadimplencia_Cheque_Especial","Inadimplencia_Credito_Pessoal_Nao_Consignado","Inadimplencia_Composicao_Dividas","Inadimplencia_Consignado_Privado","Inadimplencia_Nao_Consignado_Com_Garantia","Inadimplencia_Nao_Consignado_Sem_Garantia","Serasa_Inadimplentes_milhoes","Serasa_Dividas_Negativadas_milhoes","Serasa_Dividas_Negativadas_R_bilhoes","Serasa_Dividas_Media_por_CPF","Serasa_Divida_Media_R","Serasa_Ticket_Medio_R","Serasa_Populacao_Adulta_pct","Serasa_Genero_F_milhoes","Serasa_Genero_M_milhoes","Serasa_Ate_25_milhoes","Serasa_26_40_milhoes","Serasa_41_60_milhoes","Serasa_Acima_60_milhoes","PNAD_Taxa_Desocupacao_pct","PNAD_Rendimento_Medio_R","Itau_NPL90_Total_pct","Itau_NPL90_Brasil_pct","Itau_NPL90_PF_Brasil_pct","Itau_NPL90_MPME_Brasil_pct","Itau_NPL90_Grandes_Empresas_Brasil_pct","Itau_Carteira_PF_Total_R_milhoes","Itau_Carteira_Cartao_Credito_R_milhoes","Itau_Carteira_Credito_Pessoal_R_milhoes","Itau_Carteira_Credito_Consignado_R_milhoes","Itau_Carteira_Veiculos_R_milhoes","Itau_Carteira_Credito_Imobiliario_R_milhoes","Itau_Carteira_MPME_R_milhoes","Itau_Cobertura_Estagio3_PF_Brasil_pct","Itau_Cobertura_Estagio3_PJ_Brasil_pct","Itau_Cobertura_Estagio3_Brasil_pct","Itau_Cobertura_Estagio3_America_Latina_pct","Itau_Cobertura_Estagio3_Total_pct","Itau_NPL_Creation_Total_R_milhoes","Itau_NPL_Creation_Varejo_Brasil_R_milhoes","Itau_NPL_Creation_Atacado_Brasil_R_milhoes","Itau_NPL_Creation_America_Latina_R_milhoes","PIB_Valores_Correntes_R_milhoes","GGR_Offshore_R_bilhoes","GGR_Nacional_R_bilhoes","GGR_Total_R_bilhoes"
"Selic_Meta",1,0.723548208969917,0.51927162813639,0.51927162813639,0.657711310678789,0.162056614830656,0.53095559829631,0.597196283665042,0.630985273785894,NA,NA,0.564979355559047,0.666448744463203,0.595222322932578,0.701074843863949,0.606439185763174,0.515775467839275,0.615917178595455,0.84963548580566,0.836967370067277,0.895440679253504,0.825589779365378,0.815586600004131,0.839319000900625,-0.659925661863206,0.274187923003631,NA,NA,NA,NA,NA,NA,NA,NA,NA,NA,NA,NA,NA,NA,NA,NA,NA,NA,NA,NA,NA,0.474882812361819,0.124072811424943,0.467418128144,0.626829447934858
"Taxa_Media_Juros_Credito",0.723548208969917,1,0.200995370329825,0.200995370329825,0.390284406453288,0.525579120342929,0.663121290287876,0.323044190362197,0.36762279518641,NA,NA,0.152509037456394,0.398094572718951,0.253718829751498,0.816139988605258,0.271669376829466,0.0817366193614686,0.252912755399351,0.877350161941255,0.896928428177116,0.980928294819834,0.919259582853716,0.85527111633546,0.830680059890768,-0.0970319958383473,0.243036363372283,NA,NA,NA,NA,NA,NA,NA,NA,NA,NA,NA,NA,NA,NA,NA,NA,NA,NA,NA,NA,NA,0.691260593932178,0.190442059751734,0.524391248564596,0.746361599602809
"Inadimplencia_PF_Total",0.51927162813639,0.200995370329825,1,1,0.952028886428904,0.320626204001286,0.720660353762135,0.716980973762552,0.621949103896479,NA,NA,0.726883149846597,0.876248202014119,0.796904401633927,0.901296096444973,0.79384456802759,0.656684743741811,0.796932144767235,0.934806996857405,0.952936983761054,0.887064664508501,0.96948057297231,0.941391844269454,0.891630254083044,-0.692081940833072,0.339716906029206,NA,NA,NA,NA,NA,NA,NA,NA,NA,NA,NA,NA,NA,NA,NA,NA,NA,NA,NA,NA,NA,-0.827906827551121,0.00190162319879519,0.711966078288383,0.797329882223409
"Inadimplencia_PF_Total_modalidades",0.51927162813639,0.200995370329825,1,1,0.952028886428904,0.320626204001286,0.720660353762135,0.716980973762552,0.621949103896479,NA,NA,0.726883149846597,0.876248202014119,0.796904401633927,0.901296096444973,0.79384456802759,0.656684743741811,0.796932144767235,0.934806996857405,0.952936983761054,0.887064664508501,0.96948057297231,0.941391844269454,0.891630254083044,-0.692081940833072,0.339716906029206,NA,NA,NA,NA,NA,NA,NA,NA,NA,NA,NA,NA,NA,NA,NA,NA,NA,NA,NA,NA,NA,-0.827906827551121,0.00190162319879519,0.711966078288383,0.797329882223409
"Inadimplencia_Recursos_Livres_Total",0.657711310678789,0.390284406453288,0.952028886428904,0.952028886428904,1,0.420895771332825,0.792222968344434,0.771068658940184,0.689299384132223,NA,NA,0.68474703419338,0.834661527082364,0.745718971517301,0.89199572297564,0.749064336503886,0.613893504938401,0.755974554436394,0.946950516212185,0.957722628418727,0.94374218564478,0.968247134918888,0.940993986162051,0.90755357355348,-0.714930692309485,0.355566527795187,NA,NA,NA,NA,NA,NA,NA,NA,NA,NA,NA,NA,NA,NA,NA,NA,NA,NA,NA,NA,NA,-0.453374259074245,0.131659361638036,0.579199735482974,0.75814706553877
"Inadimplencia_Cheque_Especial",0.162056614830656,0.525579120342929,0.320626204001286,0.320626204001286,0.420895771332825,1,0.802466239451358,0.223196295957059,0.192591757629581,NA,NA,0.0506042659980749,0.275167344311643,0.145412208408595,0.649730818011158,0.142071356033204,-0.0403599041337165,0.150917158133991,0.384838908784388,0.454525203171148,0.506361546556865,0.527635486864167,0.412719722909365,0.288862642370877,0.0176901304998927,0.348050884755321,NA,NA,NA,NA,NA,NA,NA,NA,NA,NA,NA,NA,NA,NA,NA,NA,NA,NA,NA,NA,NA,0.84828939110222,-0.0457479497359263,0.755015817826798,0.805342768255291
"Inadimplencia_Credito_Pessoal_Nao_Consignado",0.53095559829631,0.663121290287876,0.720660353762135,0.720660353762135,0.792222968344434,0.802466239451358,1,0.527408265292953,0.421519885087122,NA,NA,0.245807848137639,0.488279571006435,0.346259815027809,0.839593077791127,0.343898721388174,0.144365649743286,0.353409782714319,0.730993134537726,0.779041374497042,0.812399859295787,0.834322027979368,0.742239512122767,0.648345044183157,-0.271991503095272,0.268266831105232,NA,NA,NA,NA,NA,NA,NA,NA,NA,NA,NA,NA,NA,NA,NA,NA,NA,NA,NA,NA,NA,0.365657526548801,-0.0818558036883114,0.64020870946644,0.646640280900244
"Inadimplencia_Composicao_Dividas",0.597196283665042,0.323044190362197,0.716980973762552,0.716980973762552,0.771068658940184,0.223196295957059,0.527408265292953,1,0.600361106841227,NA,NA,0.482500521256532,0.665581620549432,0.56595513900603,0.86987656317044,0.593472003556618,0.448768109631737,0.554208459051875,0.877641723443122,0.883640780556544,0.903848433922958,0.881549097964118,0.854648870484213,0.862160205953146,-0.729346532398586,0.133361788011129,NA,NA,NA,NA,NA,NA,NA,NA,NA,NA,NA,NA,NA,NA,NA,NA,NA,NA,NA,NA,NA,-0.189275810279846,0.267101968807756,0.641495639857354,0.941760095739454
"Inadimplencia_Consignado_Privado",0.630985273785894,0.36762279518641,0.621949103896479,0.621949103896479,0.689299384132223,0.192591757629581,0.421519885087122,0.600361106841227,1,NA,NA,0.795488671498697,0.867195793213488,0.852247926317437,0.744444022515507,0.867695160764175,0.801116910518383,0.822197081836639,0.899752815444734,0.895278974436709,0.748888407369589,0.864683640410479,0.901616590055302,0.913313232035201,-0.781309056123575,0.65076683236491,NA,NA,NA,NA,NA,NA,NA,NA,NA,NA,NA,NA,NA,NA,NA,NA,NA,NA,NA,NA,NA,0.360335511281957,0.436525531271302,0.491819772472073,0.917060934776007
"Inadimplencia_Nao_Consignado_Com_Garantia",NA,NA,NA,NA,NA,NA,NA,NA,NA,NA,NA,NA,NA,NA,NA,NA,NA,NA,NA,NA,NA,NA,NA,NA,NA,NA,NA,NA,NA,NA,NA,NA,NA,NA,NA,NA,NA,NA,NA,NA,NA,NA,NA,NA,NA,NA,NA,NA,NA,NA,NA
"Inadimplencia_Nao_Consignado_Sem_Garantia",NA,NA,NA,NA,NA,NA,NA,NA,NA,NA,NA,NA,NA,NA,NA,NA,NA,NA,NA,NA,NA,NA,NA,NA,NA,NA,NA,NA,NA,NA,NA,NA,NA,NA,NA,NA,NA,NA,NA,NA,NA,NA,NA,NA,NA,NA,NA,NA,NA,NA,NA
"Serasa_Inadimplentes_milhoes",0.564979355559047,0.152509037456394,0.726883149846597,0.726883149846597,0.68474703419338,0.0506042659980749,0.245807848137639,0.482500521256532,0.795488671498697,NA,NA,1,0.954193013910642,0.986632282167368,0.543018902700645,0.982167521812721,0.990671059416616,0.993001260415245,0.998992341744454,0.998706073510886,0.895275584576332,0.987518979543341,0.997510799605092,0.986850547287096,-0.919640189428134,0.852359315031478,NA,NA,NA,NA,NA,NA,NA,NA,NA,NA,NA,NA,NA,NA,NA,NA,NA,NA,NA,NA,NA,NA,0.160373966271782,0.731234220766558,0.952234632614719
"Serasa_Dividas_Negativadas_milhoes",0.666448744463203,0.398094572718951,0.876248202014119,0.876248202014119,0.834661527082364,0.275167344311643,0.488279571006435,0.665581620549432,0.867195793213488,NA,NA,0.954193013910642,1,0.984874734102878,0.768047284223028,0.985737689938316,0.926113224209591,0.981122221411336,0.985902503005591,0.996095950550634,0.900607904905754,0.995871538729733,0.988594433547617,0.962750402536389,-0.904527440531321,0.880333930124315,NA,NA,NA,NA,NA,NA,NA,NA,NA,NA,NA,NA,NA,NA,NA,NA,NA,NA,NA,NA,NA,NA,0.168804446661882,0.731976485250294,0.96015928396489
"Serasa_Dividas_Negativadas_R_bilhoes",0.595222322932578,0.253718829751498,0.796904401633927,0.796904401633927,0.745718971517301,0.145412208408595,0.346259815027809,0.56595513900603,0.852247926317437,NA,NA,0.986632282167368,0.984874734102878,1,0.653331503478076,0.998574120080754,0.975346420033093,0.993816209802384,0.991070718036856,0.994594284230852,0.862829707073614,0.985029554033152,0.995775176219087,0.979026657344184,-0.907441255353796,0.886218627577238,NA,NA,NA,NA,NA,NA,NA,NA,NA,NA,NA,NA,NA,NA,NA,NA,NA,NA,NA,NA,NA,NA,0.133051487353995,0.774769723404064,0.977897633809535
"Serasa_Dividas_Media_por_CPF",0.701074843863949,0.816139988605258,0.901296096444973,0.901296096444973,0.89199572297564,0.649730818011158,0.839593077791127,0.86987656317044,0.744444022515507,NA,NA,0.543018902700645,0.768047284223028,0.653331503478076,1,0.668226846092804,0.484309312301318,0.633680507486658,0.932512167631889,0.959372403874369,0.905786823865813,0.976997653556848,0.937292419327127,0.891435791363379,-0.603588406746461,0.634904700036289,NA,NA,NA,NA,NA,NA,NA,NA,NA,NA,NA,NA,NA,NA,NA,NA,NA,NA,NA,NA,NA,NA,0.231116498979597,0.684428857534894,0.959459213885256
"Serasa_Divida_Media_R",0.606439185763174,0.271669376829466,0.79384456802759,0.79384456802759,0.749064336503886,0.142071356033204,0.343898721388174,0.593472003556618,0.867695160764175,NA,NA,0.982167521812721,0.985737689938316,0.998574120080754,0.668226846092804,1,0.973973335450478,0.990398378435273,0.989808219022811,0.992414337270493,0.863177700937857,0.980683882669969,0.993119257230721,0.980306123081602,-0.915838390869021,0.885788018466519,NA,NA,NA,NA,NA,NA,NA,NA,NA,NA,NA,NA,NA,NA,NA,NA,NA,NA,NA,NA,NA,NA,0.173021515406155,0.751097437002498,0.985078900018917
"Serasa_Ticket_Medio_R",0.515775467839275,0.0817366193614686,0.656684743741811,0.656684743741811,0.613893504938401,-0.0403599041337165,0.144365649743286,0.448768109631737,0.801116910518383,NA,NA,0.990671059416616,0.926113224209591,0.975346420033093,0.484309312301318,0.973973335450478,1,0.972586043036977,0.989254147670268,0.981133881861302,0.835035273107742,0.956781510013992,0.989445631239047,0.993602802010832,-0.906041715585967,0.842573300704705,NA,NA,NA,NA,NA,NA,NA,NA,NA,NA,NA,NA,NA,NA,NA,NA,NA,NA,NA,NA,NA,NA,0.176818330900376,0.753699617950871,0.991182614582267
"Serasa_Populacao_Adulta_pct",0.615917178595455,0.252912755399351,0.796932144767235,0.796932144767235,0.755974554436394,0.150917158133991,0.353409782714319,0.554208459051875,0.822197081836639,NA,NA,0.993001260415245,0.981122221411336,0.993816209802384,0.633680507486658,0.990398378435273,0.972586043036977,1,0.99319077901704,0.999462427438596,0.913405744520468,0.996181974310402,0.992512801409649,0.972329394185511,-0.925278797812455,0.868971114110949,NA,NA,NA,NA,NA,NA,NA,NA,NA,NA,NA,NA,NA,NA,NA,NA,NA,NA,NA,NA,NA,NA,0.154611378836042,0.724931050353322,0.9403401182142
"Serasa_Genero_F_milhoes",0.84963548580566,0.877350161941255,0.934806996857405,0.934806996857405,0.946950516212185,0.384838908784388,0.730993134537726,0.877641723443122,0.899752815444734,NA,NA,0.998992341744454,0.985902503005591,0.991070718036856,0.932512167631889,0.989808219022811,0.989254147670268,0.99319077901704,1,0.995417320624844,0.884001806287832,0.97969926364772,0.997735411109288,0.992647038522871,-0.925040335944432,0.815181373311195,NA,NA,NA,NA,NA,NA,NA,NA,NA,NA,NA,NA,NA,NA,NA,NA,NA,NA,NA,NA,NA,NA,0.171427115081756,0.723642349530299,0.953051857527859
"Serasa_Genero_M_milhoes",0.836967370067277,0.896928428177116,0.952936983761054,0.952936983761054,0.957722628418727,0.454525203171148,0.779041374497042,0.883640780556544,0.895278974436709,NA,NA,0.998706073510886,0.996095950550634,0.994594284230852,0.959372403874369,0.992414337270493,0.981133881861302,0.999462427438596,0.995417320624844,1,0.905869244709111,0.993974174798505,0.994826654961949,0.977878887921564,-0.917897141162251,0.842037758586933,NA,NA,NA,NA,NA,NA,NA,NA,NA,NA,NA,NA,NA,NA,NA,NA,NA,NA,NA,NA,NA,NA,0.148574745519626,0.739167910811467,0.951171550594628
"Serasa_Ate_25_milhoes",0.895440679253504,0.980928294819834,0.887064664508501,0.887064664508501,0.94374218564478,0.506361546556865,0.812399859295787,0.903848433922958,0.748888407369589,NA,NA,0.895275584576332,0.900607904905754,0.862829707073614,0.905786823865813,0.863177700937857,0.835035273107742,0.913405744520468,0.884001806287832,0.905869244709111,1,0.927225471186736,0.863026389289442,0.835077599481051,-0.926147711901728,0.687349548796457,NA,NA,NA,NA,NA,NA,NA,NA,NA,NA,NA,NA,NA,NA,NA,NA,NA,NA,NA,NA,NA,NA,0.273752340841787,0.503041095770309,0.792613185284019
"Serasa_26_40_milhoes",0.825589779365378,0.919259582853716,0.96948057297231,0.96948057297231,0.968247134918888,0.527635486864167,0.834322027979368,0.881549097964118,0.864683640410479,NA,NA,0.987518979543341,0.995871538729733,0.985029554033152,0.976997653556848,0.980683882669969,0.956781510013992,0.996181974310402,0.97969926364772,0.993974174798505,0.927225471186736,1,0.979891803612191,0.949377984781195,-0.901016826746724,0.850276208003836,NA,NA,NA,NA,NA,NA,NA,NA,NA,NA,NA,NA,NA,NA,NA,NA,NA,NA,NA,NA,NA,NA,0.114295193114561,0.744726898254268,0.928535022347694
"Serasa_41_60_milhoes",0.815586600004131,0.85527111633546,0.941391844269454,0.941391844269454,0.940993986162051,0.412719722909365,0.742239512122767,0.854648870484213,0.901616590055302,NA,NA,0.997510799605092,0.988594433547617,0.995775176219087,0.937292419327127,0.993119257230721,0.989445631239047,0.992512801409649,0.997735411109288,0.994826654961949,0.863026389289442,0.979891803612191,1,0.990065380587775,-0.89943897293175,0.842256910993631,NA,NA,NA,NA,NA,NA,NA,NA,NA,NA,NA,NA,NA,NA,NA,NA,NA,NA,NA,NA,NA,NA,0.129840955928057,0.764303722010325,0.96349832808366
"Serasa_Acima_60_milhoes",0.839319000900625,0.830680059890768,0.891630254083044,0.891630254083044,0.90755357355348,0.288862642370877,0.648345044183157,0.862160205953146,0.913313232035201,NA,NA,0.986850547287096,0.962750402536389,0.979026657344184,0.891435791363379,0.980306123081602,0.993602802010832,0.972329394185511,0.992647038522871,0.977878887921564,0.835077599481051,0.949377984781195,0.990065380587775,1,-0.920130191740452,0.785501806455629,NA,NA,NA,NA,NA,NA,NA,NA,NA,NA,NA,NA,NA,NA,NA,NA,NA,NA,NA,NA,NA,NA,0.198115644533338,0.727265761221114,0.979562527074818
"PNAD_Taxa_Desocupacao_pct",-0.659925661863206,-0.0970319958383473,-0.692081940833072,-0.692081940833072,-0.714930692309485,0.0176901304998927,-0.271991503095272,-0.729346532398586,-0.781309056123575,NA,NA,-0.919640189428134,-0.904527440531321,-0.907441255353796,-0.603588406746461,-0.915838390869021,-0.906041715585967,-0.925278797812455,-0.925040335944432,-0.917897141162251,-0.926147711901728,-0.901016826746724,-0.89943897293175,-0.920130191740452,1,-0.420243862837485,NA,NA,NA,NA,NA,NA,NA,NA,NA,NA,NA,NA,NA,NA,NA,NA,NA,NA,NA,NA,NA,0.689904563828714,-0.352909427136875,-0.539740318817686,-0.900248392240748
"PNAD_Rendimento_Medio_R",0.274187923003631,0.243036363372283,0.339716906029206,0.339716906029206,0.355566527795187,0.348050884755321,0.268266831105232,0.133361788011129,0.65076683236491,NA,NA,0.852359315031478,0.880333930124315,0.886218627577238,0.634904700036289,0.885788018466519,0.842573300704705,0.868971114110949,0.815181373311195,0.842037758586933,0.687349548796457,0.850276208003836,0.842256910993631,0.785501806455629,-0.420243862837485,1,NA,NA,NA,NA,NA,NA,NA,NA,NA,NA,NA,NA,NA,NA,NA,NA,NA,NA,NA,NA,NA,0.468076002507823,0.135657787869864,0.767294879555901,0.971736820489705
"Itau_NPL90_Total_pct",NA,NA,NA,NA,NA,NA,NA,NA,NA,NA,NA,NA,NA,NA,NA,NA,NA,NA,NA,NA,NA,NA,NA,NA,NA,NA,NA,NA,NA,NA,NA,NA,NA,NA,NA,NA,NA,NA,NA,NA,NA,NA,NA,NA,NA,NA,NA,NA,NA,NA,NA
"Itau_NPL90_Brasil_pct",NA,NA,NA,NA,NA,NA,NA,NA,NA,NA,NA,NA,NA,NA,NA,NA,NA,NA,NA,NA,NA,NA,NA,NA,NA,NA,NA,NA,NA,NA,NA,NA,NA,NA,NA,NA,NA,NA,NA,NA,NA,NA,NA,NA,NA,NA,NA,NA,NA,NA,NA
"Itau_NPL90_PF_Brasil_pct",NA,NA,NA,NA,NA,NA,NA,NA,NA,NA,NA,NA,NA,NA,NA,NA,NA,NA,NA,NA,NA,NA,NA,NA,NA,NA,NA,NA,NA,NA,NA,NA,NA,NA,NA,NA,NA,NA,NA,NA,NA,NA,NA,NA,NA,NA,NA,NA,NA,NA,NA
"Itau_NPL90_MPME_Brasil_pct",NA,NA,NA,NA,NA,NA,NA,NA,NA,NA,NA,NA,NA,NA,NA,NA,NA,NA,NA,NA,NA,NA,NA,NA,NA,NA,NA,NA,NA,NA,NA,NA,NA,NA,NA,NA,NA,NA,NA,NA,NA,NA,NA,NA,NA,NA,NA,NA,NA,NA,NA
"Itau_NPL90_Grandes_Empresas_Brasil_pct",NA,NA,NA,NA,NA,NA,NA,NA,NA,NA,NA,NA,NA,NA,NA,NA,NA,NA,NA,NA,NA,NA,NA,NA,NA,NA,NA,NA,NA,NA,NA,NA,NA,NA,NA,NA,NA,NA,NA,NA,NA,NA,NA,NA,NA,NA,NA,NA,NA,NA,NA
"Itau_Carteira_PF_Total_R_milhoes",NA,NA,NA,NA,NA,NA,NA,NA,NA,NA,NA,NA,NA,NA,NA,NA,NA,NA,NA,NA,NA,NA,NA,NA,NA,NA,NA,NA,NA,NA,NA,NA,NA,NA,NA,NA,NA,NA,NA,NA,NA,NA,NA,NA,NA,NA,NA,NA,NA,NA,NA
"Itau_Carteira_Cartao_Credito_R_milhoes",NA,NA,NA,NA,NA,NA,NA,NA,NA,NA,NA,NA,NA,NA,NA,NA,NA,NA,NA,NA,NA,NA,NA,NA,NA,NA,NA,NA,NA,NA,NA,NA,NA,NA,NA,NA,NA,NA,NA,NA,NA,NA,NA,NA,NA,NA,NA,NA,NA,NA,NA
"Itau_Carteira_Credito_Pessoal_R_milhoes",NA,NA,NA,NA,NA,NA,NA,NA,NA,NA,NA,NA,NA,NA,NA,NA,NA,NA,NA,NA,NA,NA,NA,NA,NA,NA,NA,NA,NA,NA,NA,NA,NA,NA,NA,NA,NA,NA,NA,NA,NA,NA,NA,NA,NA,NA,NA,NA,NA,NA,NA
"Itau_Carteira_Credito_Consignado_R_milhoes",NA,NA,NA,NA,NA,NA,NA,NA,NA,NA,NA,NA,NA,NA,NA,NA,NA,NA,NA,NA,NA,NA,NA,NA,NA,NA,NA,NA,NA,NA,NA,NA,NA,NA,NA,NA,NA,NA,NA,NA,NA,NA,NA,NA,NA,NA,NA,NA,NA,NA,NA
"Itau_Carteira_Veiculos_R_milhoes",NA,NA,NA,NA,NA,NA,NA,NA,NA,NA,NA,NA,NA,NA,NA,NA,NA,NA,NA,NA,NA,NA,NA,NA,NA,NA,NA,NA,NA,NA,NA,NA,NA,NA,NA,NA,NA,NA,NA,NA,NA,NA,NA,NA,NA,NA,NA,NA,NA,NA,NA
"Itau_Carteira_Credito_Imobiliario_R_milhoes",NA,NA,NA,NA,NA,NA,NA,NA,NA,NA,NA,NA,NA,NA,NA,NA,NA,NA,NA,NA,NA,NA,NA,NA,NA,NA,NA,NA,NA,NA,NA,NA,NA,NA,NA,NA,NA,NA,NA,NA,NA,NA,NA,NA,NA,NA,NA,NA,NA,NA,NA
"Itau_Carteira_MPME_R_milhoes",NA,NA,NA,NA,NA,NA,NA,NA,NA,NA,NA,NA,NA,NA,NA,NA,NA,NA,NA,NA,NA,NA,NA,NA,NA,NA,NA,NA,NA,NA,NA,NA,NA,NA,NA,NA,NA,NA,NA,NA,NA,NA,NA,NA,NA,NA,NA,NA,NA,NA,NA
"Itau_Cobertura_Estagio3_PF_Brasil_pct",NA,NA,NA,NA,NA,NA,NA,NA,NA,NA,NA,NA,NA,NA,NA,NA,NA,NA,NA,NA,NA,NA,NA,NA,NA,NA,NA,NA,NA,NA,NA,NA,NA,NA,NA,NA,NA,NA,NA,NA,NA,NA,NA,NA,NA,NA,NA,NA,NA,NA,NA
"Itau_Cobertura_Estagio3_PJ_Brasil_pct",NA,NA,NA,NA,NA,NA,NA,NA,NA,NA,NA,NA,NA,NA,NA,NA,NA,NA,NA,NA,NA,NA,NA,NA,NA,NA,NA,NA,NA,NA,NA,NA,NA,NA,NA,NA,NA,NA,NA,NA,NA,NA,NA,NA,NA,NA,NA,NA,NA,NA,NA
"Itau_Cobertura_Estagio3_Brasil_pct",NA,NA,NA,NA,NA,NA,NA,NA,NA,NA,NA,NA,NA,NA,NA,NA,NA,NA,NA,NA,NA,NA,NA,NA,NA,NA,NA,NA,NA,NA,NA,NA,NA,NA,NA,NA,NA,NA,NA,NA,NA,NA,NA,NA,NA,NA,NA,NA,NA,NA,NA
"Itau_Cobertura_Estagio3_America_Latina_pct",NA,NA,NA,NA,NA,NA,NA,NA,NA,NA,NA,NA,NA,NA,NA,NA,NA,NA,NA,NA,NA,NA,NA,NA,NA,NA,NA,NA,NA,NA,NA,NA,NA,NA,NA,NA,NA,NA,NA,NA,NA,NA,NA,NA,NA,NA,NA,NA,NA,NA,NA
"Itau_Cobertura_Estagio3_Total_pct",NA,NA,NA,NA,NA,NA,NA,NA,NA,NA,NA,NA,NA,NA,NA,NA,NA,NA,NA,NA,NA,NA,NA,NA,NA,NA,NA,NA,NA,NA,NA,NA,NA,NA,NA,NA,NA,NA,NA,NA,NA,NA,NA,NA,NA,NA,NA,NA,NA,NA,NA
"Itau_NPL_Creation_Total_R_milhoes",NA,NA,NA,NA,NA,NA,NA,NA,NA,NA,NA,NA,NA,NA,NA,NA,NA,NA,NA,NA,NA,NA,NA,NA,NA,NA,NA,NA,NA,NA,NA,NA,NA,NA,NA,NA,NA,NA,NA,NA,NA,NA,NA,NA,NA,NA,NA,NA,NA,NA,NA
"Itau_NPL_Creation_Varejo_Brasil_R_milhoes",NA,NA,NA,NA,NA,NA,NA,NA,NA,NA,NA,NA,NA,NA,NA,NA,NA,NA,NA,NA,NA,NA,NA,NA,NA,NA,NA,NA,NA,NA,NA,NA,NA,NA,NA,NA,NA,NA,NA,NA,NA,NA,NA,NA,NA,NA,NA,NA,NA,NA,NA
"Itau_NPL_Creation_Atacado_Brasil_R_milhoes",NA,NA,NA,NA,NA,NA,NA,NA,NA,NA,NA,NA,NA,NA,NA,NA,NA,NA,NA,NA,NA,NA,NA,NA,NA,NA,NA,NA,NA,NA,NA,NA,NA,NA,NA,NA,NA,NA,NA,NA,NA,NA,NA,NA,NA,NA,NA,NA,NA,NA,NA
"Itau_NPL_Creation_America_Latina_R_milhoes",NA,NA,NA,NA,NA,NA,NA,NA,NA,NA,NA,NA,NA,NA,NA,NA,NA,NA,NA,NA,NA,NA,NA,NA,NA,NA,NA,NA,NA,NA,NA,NA,NA,NA,NA,NA,NA,NA,NA,NA,NA,NA,NA,NA,NA,NA,NA,NA,NA,NA,NA
"PIB_Valores_Correntes_R_milhoes",0.474882812361819,0.691260593932178,-0.827906827551121,-0.827906827551121,-0.453374259074245,0.84828939110222,0.365657526548801,-0.189275810279846,0.360335511281957,NA,NA,NA,NA,NA,NA,NA,NA,NA,NA,NA,NA,NA,NA,NA,0.689904563828714,0.468076002507823,NA,NA,NA,NA,NA,NA,NA,NA,NA,NA,NA,NA,NA,NA,NA,NA,NA,NA,NA,NA,NA,1,NA,NA,NA
"GGR_Offshore_R_bilhoes",0.124072811424943,0.190442059751734,0.00190162319879519,0.00190162319879519,0.131659361638036,-0.0457479497359263,-0.0818558036883114,0.267101968807756,0.436525531271302,NA,NA,0.160373966271782,0.168804446661882,0.133051487353995,0.231116498979597,0.173021515406155,0.176818330900376,0.154611378836042,0.171427115081756,0.148574745519626,0.273752340841787,0.114295193114561,0.129840955928057,0.198115644533338,-0.352909427136875,0.135657787869864,NA,NA,NA,NA,NA,NA,NA,NA,NA,NA,NA,NA,NA,NA,NA,NA,NA,NA,NA,NA,NA,NA,1,-0.50893928170474,0.272779615666814
"GGR_Nacional_R_bilhoes",0.467418128144,0.524391248564596,0.711966078288383,0.711966078288383,0.579199735482974,0.755015817826798,0.64020870946644,0.641495639857354,0.491819772472073,NA,NA,0.731234220766558,0.731976485250294,0.774769723404064,0.684428857534894,0.751097437002498,0.753699617950871,0.724931050353322,0.723642349530299,0.739167910811467,0.503041095770309,0.744726898254268,0.764303722010325,0.727265761221114,-0.539740318817686,0.767294879555901,NA,NA,NA,NA,NA,NA,NA,NA,NA,NA,NA,NA,NA,NA,NA,NA,NA,NA,NA,NA,NA,NA,-0.50893928170474,1,0.689329558473616
"GGR_Total_R_bilhoes",0.626829447934858,0.746361599602809,0.797329882223409,0.797329882223409,0.75814706553877,0.805342768255291,0.646640280900244,0.941760095739454,0.917060934776007,NA,NA,0.952234632614719,0.96015928396489,0.977897633809535,0.959459213885256,0.985078900018917,0.991182614582267,0.9403401182142,0.953051857527859,0.951171550594628,0.792613185284019,0.928535022347694,0.96349832808366,0.979562527074818,-0.900248392240748,0.971736820489705,NA,NA,NA,NA,NA,NA,NA,NA,NA,NA,NA,NA,NA,NA,NA,NA,NA,NA,NA,NA,NA,NA,0.272779615666814,0.689329558473616,1
