Data,Serasa_Inadimplentes_milhoes,Serasa_Dividas_Negativadas_milhoes,Serasa_Dividas_Negativadas_R_bilhoes,Serasa_Dividas_Media_por_CPF,Serasa_Divida_Media_R,Serasa_Ticket_Medio_R,Serasa_Populacao_Adulta_pct,Serasa_Genero_F_milhoes,Serasa_Genero_M_milhoes,Serasa_Ate_25_milhoes,Serasa_26_40_milhoes,Serasa_41_60_milhoes,Serasa_Acima_60_milhoes
2016-01-01,,,,,,,,,,,,,
2016-02-01,,,,,,,,,,,,,
2016-03-01,59.19091350239617,231.328,214.5540761959106,3.908167424897664,3624.7806208840652,927.4885711885746,,,,,,,
2016-04-01,59.735,233.427,224.5735272836054,3.9077090482966432,3759.496564553535,962.07177097596,,,,,,,
2016-05-01,58.889,228.928,225.06922900790957,3.887449268963643,3821.9230927322515,983.1441720012824,,,,,,,
2016-06-01,59.072,229.393,224.76834719818464,3.883278033586132,3804.98962618812,979.839608001049,,,,,,,
2016-07-01,58.746,227.049,224.6624305087791,3.8649269737514045,3824.3017483535746,989.4887469611365,,,,,,,
2016-08-01,58.631,226.204,225.86955389590682,3.8580955467244293,3852.3912929321828,998.5214845710367,,,,,,,
2016-09-01,58.921,225.679,227.69140312588806,3.8301963646238186,3864.3506241558707,1008.9171040543783,,,,,,,
2016-10-01,58.661,218.711,227.868761084437,3.7283885375291934,3884.501816955678,1041.8715157648085,,,,,,,
2016-11-01,59.344,228.652,229.54093373708992,3.8529927204098136,3867.972056772208,1003.8877146803436,39.74625514915066,,,,,,
2016-12-01,58.976,229.45,228.34040853691366,3.8905656538252846,3871.7513655879284,995.1641252425961,39.45747972507016,,,,,,
2017-01-01,59.022,227.612,229.12089466731214,3.856392531598387,3881.9574847906233,1006.6292404060953,39.44595983367789,,,,,,
2017-02-01,59.119,227.323,229.34030587236444,3.845176677548673,3879.2994785494416,1008.8741828691528,39.46846270614818,,,,,,
2017-03-01,59.12,225.86,230.5824483841427,3.820365358592693,3900.2443908007904,1020.9087416281887,39.42684649069956,,,,,,
2017-04-01,59.426,225.852,228.59266996778427,3.800558678019722,3846.677716282171,1012.1348049509603,39.588455402578404,,,,,,
2017-05-01,60.309,229.928,233.24934903498814,3.8124989636704307,3867.5711591137006,1014.4451699444529,40.13364252078404,,,,,,
2017-06-01,59.972,228.455,232.24693394185044,3.8093610351497365,3872.5894407698665,1016.5981656862422,39.86661157719434,,,,,,
2017-07-01,59.785,226.939,230.8854600629449,3.795918708706197,3861.929582051433,1017.389959693772,39.699709366386266,,,,,,
2017-08-01,59.794,225.519,229.66715194011334,3.7715991571060643,3840.9732070126324,1018.3938024739083,39.6658439556419,,,,,,
2017-09-01,59.837,225.523,227.1938690722748,3.7689556628841685,3796.87934007846,1007.4088632745876,39.654533379259966,,,,,,
2017-10-01,60.364,226.558,228.6192542322677,3.7531972698959644,3787.3443481589643,1009.0981304225307,39.963630209996616,,,,,,
2017-11-01,60.478,227.911,229.80649140499867,3.7684943285161547,3799.8361619927687,1008.3168052660848,39.99891242746791,,,,,,
2017-12-01,59.733,224.993,225.79600262039895,3.7666449031523617,3780.088102395643,1003.5690115710219,39.46652370543436,,,,,,
2018-01-01,59.343291,222.929127,225.6434060985,3.756602022627966,3802.340623449751,1012.1755247285386,39.23951162210005,,,,,,
2018-02-01,59.716812,223.14573,225.173069811,3.7367321282991464,3770.6813587269194,1009.0852727094532,39.45177008102293,,,,,,
2018-03-01,60.256316,224.923871,229.6721744415,3.7327849747734327,3811.586729621838,1021.1107136845428,39.772542829122486,,,,,,
2018-04-01,60.653704,226.829005,234.3098103585,3.7397387140610574,3863.0750458125362,1032.9799328727822,39.997797059887006,,,,,,
2018-05-01,60.831201,227.460163,235.6848163715,3.7392022393245203,3874.4067599701016,1036.1586541705767,40.07446735874439,,,,,,
2018-06-01,61.165905,228.498758,235.5660598265,3.7357210360902857,3851.2641941045426,1030.9292789525798,40.253437240389104,,,,,,
2018-07-01,61.001422,227.105892,235.107540015,3.722960622131071,3854.1321219528295,1035.2331150219563,40.10474211732858,,,,,,
2018-08-01,61.043063,228.602987,237.6938753695,3.7449462029780523,3893.8720255485873,1039.7671460412719,40.09106065373259,,,,,,
2018-09-01,60.945824,227.727608,238.014869452,3.7365580289799674,3905.3515701420333,1045.1735366754478,39.98757921880442,,,,,,
2018-10-01,61.772394,230.572984,239.050788397,3.7326217921876235,3869.864399249283,1036.7684203497147,40.486414839178536,,,,,,
2018-11-01,62.664922,234.435809,250.361903701,3.741101105974408,3995.247990590334,1067.9337118716367,41.02599994336841,,,,,,
2018-12-01,62.473341,233.323142,246.212912516,3.73476331288253,3941.0876475455343,1055.2442865525957,40.85890366382117,,,,,,
2019-01-01,62.176389,229.193324,244.1287848315,3.6861793952041824,3926.3905279462274,1065.1653397701061,40.622983238440156,30.596152,31.580237,8.632275,23.417264,20.936872,9.189978
2019-02-01,62.172903,228.612706,243.23215786,3.6770473143259856,3912.1891712214247,1063.9485534981595,40.5748874433894,30.605162,31.567741,8.584212,23.391394,20.977382,9.219915
2019-03-01,62.960081,231.163426,248.6806031225,3.6715871760076038,3949.813900692091,1075.7783245629005,41.034175631052854,30.994635,31.965446,8.647358,23.619362,21.298095,9.395266
2019-04-01,63.205404,229.590133,247.924469064,3.6324446719777317,3922.520122867975,1079.856811895309,41.119737397609924,31.121997,32.083407,8.623733,23.653625,21.405728,9.522318
2019-05-01,63.374619,230.030093,250.721397067,3.629687982818484,3956.1799506360735,1089.9504225605822,40.905531289887854,31.206888,32.167731,8.591269,23.673098,21.495635,9.614617
2019-06-01,63.450581,229.535711,251.7862901875,3.6175509724646964,3968.226708396886,1096.9373309737412,41.23367736198536,31.238109,32.212472,8.589862,23.699304,21.531008,9.630407
2019-07-01,63.463368,228.924864,252.093118164,3.6071968950655124,3972.2618907335645,1101.2046212856983,41.14939215828361,31.253575,32.209793,8.582518,23.665293,21.54809,9.667467
2019-08-01,63.427939,229.169126,256.166550275,3.613062786101248,4038.702097430598,1117.805678043211,41.08409879324509,31.212792,32.215147,8.531247,23.636213,21.578072,9.682407
2019-09-01,63.206609,226.263637,252.686649351,3.5797464945477455,3997.788417204916,1116.7797561346547,40.902571919700414,31.065532,32.141077,8.461761,23.563721,21.542809,9.638318
2019-10-01,63.85141,228.227743,254.9445345305,3.574357136357678,3992.7784606557625,1117.061980192741,41.28131661799113,31.390098,32.461312,8.564821,23.714484,21.765565,9.80654
2019-11-01,63.840968,226.600131,256.2711968565,3.549446978936786,4014.2122665887523,1130.940197278615,41.23608003856032,31.427759000000002,32.413209,8.562149,23.641386,21.794938,9.842495
2019-12-01,63.307343,224.841533,255.91062615149997,3.5515869462409753,4042.3529724111145,1138.1821798533101,40.85326874972058,31.084271,32.223072,8.465536,23.396888,21.655504,9.789415
2020-01-01,63.78236,226.936258,258.11509,3.5579783814835326,4046.8099643851374,1137.3902622471196,41.12141757572927,31.354362,32.427998,8.562917,23.513072,21.802344,9.904027
2020-02-01,63.889695,225.813889,255.077081287605,3.534433667276076,3992.4604631091916,1129.589868972165,41.15219494739969,31.564218,32.325477,8.620856,23.570854,21.829795,9.86819
2020-03-01,64.812645,227.651763,258.749816954349,3.5124590733798935,3992.273682926364,1136.6036157354467,41.70773347584642,32.252579,32.560066,8.568929,23.783338,22.297064,10.163314
2020-04-01,65.908612,229.267044,258.226970269609,3.478559736624403,3917.954914140947,1126.3152599883,42.37342982514899,32.904406,33.004206,8.621529,23.984043,22.793208,10.509832
2020-05-01,65.231943,225.890575,253.091587964979,3.4628828241403142,3879.871981813864,1120.4167680080454,41.899256441060864,32.506737,32.725206,8.456902,23.709341,22.623789,10.441911
2020-06-01,64.000691,221.911977,248.878757499139,3.467337204218623,3888.6886002393157,1121.520166976562,41.03170584410713,31.899055,32.101636,8.232027,23.252325,22.218854,10.297485
2020-07-01,63.503127,220.165636,251.294733264961,3.4670046405746286,3957.2025053972693,1141.3894458305065,40.681504908888364,31.637454,31.865673,8.092015,23.024033,22.072384,10.314695
2020-08-01,63.050431,220.458954,248.88312784134,3.4965495160532685,3947.3660035938533,1128.9318184887152,40.36053392812596,31.432337,31.618094,7.95332,22.783437,21.948622,10.365052
2020-09-01,62.763292,218.118068,247.05102097685,3.4752490038285435,3936.2342717276524,1132.6481260454316,40.14592393063706,31.271777,31.491515,7.809632,22.590173,21.90211,10.461377
2020-10-01,62.279786,216.223328,245.53767678083,3.4718058922039328,3942.4939061420346,1135.574403798049,39.80610728769623,31.046016,31.23377,7.697403,22.421877,21.748087,10.412419
2020-11-01,61.948697,214.865194,241.416595091718,3.4684376654443594,3897.0407253556596,1123.5723692489626,39.564126485832645,30.856794,31.091903,7.607712,22.279984,21.658526,10.402475
2020-12-01,61.361283,212.882157,236.758876556519,3.469323759087632,3858.44077863429,1112.159327456077,39.15890985788925,30.585795,30.775488,7.483961,22.027259,21.463528,10.386535
2021-01-01,61.669349,213.259675,239.956943208549,3.4581145813619663,3891.024424605958,1125.186668358887,39.325318480572776,30.770923,30.898426,7.543503,22.143109,21.563889,10.418848
2021-02-01,61.555021000000004,210.68801,240.515413655539,3.422759127967806,3907.324045191033,1141.5714337780257,39.22229945400768,30.727609,30.827412,7.548692,22.131143,21.509329,10.365857
2021-03-01,62.557333,212.195404,244.207128550659,3.392014873779865,3903.73305317634,1150.8596508087378,39.83037711972252,31.295986,31.261347,7.675222,22.393765,21.848993,10.639353
2021-04-01,62.981572,213.364452,248.020286587939,3.387728270739257,3937.9818367813846,1162.4255318216692,40.069716767615276,31.563432,31.41814,7.758163,22.554882,21.991175,10.677352
2021-05-01,62.558805,211.575683,249.57385522146,3.382028844700598,3989.4281104228257,1179.59612221344,39.7701979901388,31.356784,31.202021,7.735385,22.421111,21.800936,10.601373
2021-06-01,62.509432,211.371568,245.93557871197,3.3814347889131358,3934.3755149138137,1163.5225164813558,39.70830399782403,31.34044,31.168992,7.67826,22.375479,21.800399,10.655294
2021-07-01,62.223742,209.227921,244.882122433001,3.362509458206483,3935.5094142843577,1170.4084295374755,39.52682464609119,31.189059,31.034683,7.66653,22.293124,21.665529,10.598559
2021-08-01,62.248755,208.793611,244.57115357577,3.354181316558058,3928.9324513521597,1171.3536271747798,39.51516268060838,31.263482,30.985273,7.688817,22.286261,21.638175,10.635502
2021-09-01,62.21027,208.459748,245.39762536271,3.3508896199936116,3944.648132257101,1177.194291545963,39.463213812204444,31.176224,31.034046,7.67437,22.272834,21.609515,10.653551
2021-10-01,63.405043,213.268762,253.658626081959,3.3635930504770735,4000.606483019955,1189.3848105235354,40.19308783065821,31.809697,31.595346,7.876415,22.678358,21.983264,10.867006
2021-11-01,64.26967,215.611804,257.882220581078,3.354798678754691,4012.502640531342,1196.0487125328166,40.71278358955872,32.235073,32.034597,8.029306,22.963709,22.226469,11.050186
2021-12-01,63.970854,213.586768,251.949936802298,3.3388137666569215,3938.511385236439,1179.6139768466276,40.495240878866284,32.054439,31.916415,7.993807,22.77077,22.096777,11.1095
2022-01-01,64.817442,219.50181,260.729531726469,3.386462088398984,4022.52115605656,1187.8240627103212,41.00254145451268,32.484546,32.332896,8.184342,23.074751,22.325069,11.23328
2022-02-01,65.169146,221.342388,263.418612402509,3.396429162966168,4042.0755613785236,1190.095646761112,41.196273014041324,32.688611,32.480535,8.295033,23.210111,22.409154,11.254848
2022-03-01,65.693982,223.429013,265.81813192022,3.401057542835506,4046.308715465292,1189.720745533706,41.49907768220885,32.974393,32.719589,8.364398,23.339492,22.595982,11.39411
2022-04-01,66.13267,226.019226,271.629000268546,3.417663705397045,4107.334548394099,1201.7959935343997,41.74705396091678,33.177048,32.955622,8.46949,23.506084,22.728249,11.428847
2022-05-01,66.579818,229.518396,278.270926079969,3.447266797875596,4179.508662519458,1212.4122986637158,41.99999581134372,33.358818,33.221,8.567547,23.66865,22.854408,11.489213
2022-06-01,66.818625,231.314535,281.428834910793,3.4618272225745446,4211.832178689595,1216.6500255195506,42.12122531337778,33.47837,33.340255,8.616469,23.760214,22.922704,11.519238
2022-07-01,67.632289,235.253665,287.657577138793,3.478422340548019,4253.25804274927,1222.754923451641,42.604384327197046,33.923601,33.708688,8.781055,24.0836,23.147033,11.620601
2022-08-01,67.976241,238.202021,289.460282399332,3.504195252573616,4258.256681173824,1215.1881885138669,42.78900901702653,34.106002,33.870239,8.824664,24.178515,23.238884,11.734178
2022-09-01,68.388049,240.88553,295.738608945323,3.5223337048261167,4324.419445644999,1227.7142962689497,43.01600920512249,34.303652,34.084397,8.879526,24.275861,23.371201,11.861461
2022-10-01,69.05664,243.446283,301.499852890932,3.5253131777045623,4365.9791859397155,1238.4656244307168,43.40403662347581,34.619754,34.436886,8.944692,24.469792,23.621664,12.020492
2022-11-01,69.834751,247.026174,311.029293531363,3.537295837139879,4453.789683181702,1259.094485798752,43.86023841702933,35.03579,34.798961,9.007286,24.667211000000002,23.905602,12.254652
2022-12-01,69.429316,247.571853,312.009398463303,3.5658114938076015,4493.914335311945,1260.2781563512513,43.57294926001508,34.8038,34.625516,8.92121,24.464351,23.739347,12.304408
2023-01-01,70.092977,252.099884,323.288672147253,3.596649690025293,4612.28336966274,1282.3832641956033,43.95650944926984,35.173672,34.919305,8.998106,24.695468,23.974515,12.424888
2023-02-01,70.526944,255.380904,326.665062889906,3.6210402651219367,4631.7767985226465,1279.1287749921428,44.19552866374672,35.429039,35.097905,9.064864,24.861186,24.134843,12.466051
2023-03-01,70.707397,258.609588,334.560825705675,3.6574615807169364,4731.624128458229,1293.6907262142,44.275414865609214,35.563036,35.144361,9.057638,24.88602,24.219424,12.544315
2023-04-01,71.439576,261.179474,340.566466107723,3.655949385813824,4767.196072212452,1303.9557086623238,44.70037186062103,35.933123,35.506453,9.144043,25.156353,24.488092,12.651088
2023-05-01,71.903574,264.448208,345.757431083406,3.677817294589557,4808.626495859663,1307.4674761396227,44.95698430684084,36.19717,35.706404,9.178468,25.29549,24.663325,12.766291
2023-06-01,71.453534,262.807106,346.274525823646,3.678014106342171,4846.149748501536,1317.5995546469205,44.64211750288807,35.962027,35.491507,9.080353,25.103933,24.536474,12.732774
2023-07-01,71.419039,265.235409,351.664991925528,3.7137913463103307,4923.967010050751,1325.8598965024612,44.58711980642262,35.978327,35.440712,8.9351,24.998165,24.643504,12.84227
2023-08-01,71.739068,268.869866,355.017320116138,3.7478862424028145,4948.730587301999,1320.405761336371,44.752297618048914,36.167766,35.571302,8.962835,25.109217,24.723763,12.943253
2023-09-01,71.822149,270.526717,366.811893802259,3.7666196398551097,5107.225262812159,1355.917440872426,44.76948850806541,36.202105,35.620044,8.992461,25.129998,24.72521,12.97448
2023-10-01,71.952514,271.366318,376.869962585717,3.7714640241757222,5237.759483785612,1388.786808043425,44.81607189325555,36.265369,35.687145,8.990955,25.170682,24.770368,13.020509
2023-11-01,71.80892,269.855739,378.001358498258,3.757969608789549,5263.988909710075,1400.753454045526,44.69204579469437,36.194557,35.614363,8.951297,25.054207,24.743168,13.060248
2023-12-01,71.102439,267.434117,367.928095927979,3.7612509607441176,5174.619901969593,1375.7709751294708,44.21812416845493,35.806678,35.295761,8.814008,24.633835,24.558668,13.095928
2024-01-01,72.069816,271.370921,382.831796880968,3.7653893968592898,5311.957461927861,1410.7325702777416,44.785059223653775,36.28885,35.780966,8.885525,25.012238,24.864566,13.307487
2024-02-01,72.039263,271.479123,382.259927082958,3.768488345029293,5306.2720406087155,1408.0638056391465,44.73143941395502,36.276381,35.762882,8.887477,25.001615,24.864373,13.285798
2024-03-01,72.894821,274.204845,387.267974045516,3.7616505704842873,5312.695315425989,1412.3308946109833,45.22765873658212,36.727202,36.167619,8.942806,25.229489,25.203777,13.518749
2024-04-01,73.419784,274.610285,394.296408995579,3.740276394711267,5370.438150506939,1435.8399176330158,45.51811860799306,36.976677,36.443107,8.963526,25.359328,25.4153,13.68163
2024-05-01,72.535353,273.245644,394.977376064462,3.767068507959147,5445.3085251334205,1445.5029192138265,44.93498960497402,36.508624,36.026729,8.832891,25.135627,25.121992,13.444843
2024-06-01,72.501132,273.667227,397.47266574121,3.774661435631102,5482.295996995053,1452.3940995726534,44.87902064636084,36.491509,36.009623,8.852353,25.116198,25.071577,13.461004
2024-07-01,72.664146,271.630064,390.458054451211,3.738158073171327,5373.462373743593,1437.4625868041287,44.94510089178833,36.609779,36.054367,8.877089,25.116293,25.144493,13.526271
2024-08-01,72.46254,271.800452,390.58569383803,3.750909808019426,5390.173927632539,1437.0310680647065,44.78801791059872,36.500001,35.962539,8.82357,25.025054,25.056461,13.557455
2024-09-01,72.641926,272.901366,395.113920894532,3.7568024559260724,5439.199407991082,1447.8268346026966,44.86644784888689,36.583356,36.05857,8.810024,25.068086,25.124337,13.639479
2024-10-01,73.10399,276.085829,402.388499228943,3.776617787893657,5504.33019085474,1457.4761069281212,45.11920228370444,36.821365,36.282625,8.85995,25.20138,25.274537,13.768123
2024-11-01,73.788794,274.539659,410.140444698774,3.720614528542098,5558.3025885851175,1493.9205730519757,45.508938184184785,37.176814,36.61198,8.899163,25.321944,25.462428,14.105259
2024-12-01,73.512252,275.681592,404.074031364152,3.750144833000083,5496.689604396176,1465.7272849909834,45.30560293824243,37.039588,36.472664,8.875154,25.251995,25.428122,13.956981
2025-01-01,74.602914,281.255996,419.04470610023,3.7700403498983968,5617.001851968275,1489.904969351231,45.9445317445407,37.556222,37.046692,9.05212,25.726631,25.758435,14.065728
2025-02-01,75.003387,286.111662,437.831537490825,3.814649890410949,5837.490212153019,1530.2820389433302,46.15775859282648,37.724542,37.278845,9.06994,25.926617,25.910444,14.096386
2025-03-01,75.769531,287.591462,438.982953193023,3.795608316488061,5793.660689189471,1526.4116331555872,46.59552289217403,38.10851,37.661021,9.142619,26.169799,26.196627,14.260486
2025-04-01,76.638531,294.106688,457.433103154,3.837582534038916,5968.709175205876,1555.3305035824276,47.09583156108621,38.552363,38.086168,9.253785,26.547103,26.592871,14.244772
2025-05-01,77.07228,298.51002,465.280932598,3.873117805779198,6036.9426283743,1558.6777710108358,47.3281103034737,38.785603,38.286677,9.254896,26.643574,26.732131,14.441679
2025-06-01,77.874599,304.543449,477.235509303,3.9106904293658062,6128.25639465572,1567.0522904697252,47.78618724232258,39.196348,38.678251,9.244174,26.932323,27.072382,14.62572
2025-07-01,78.161185,307.521475,482.859604049,3.9344525674732287,6177.741599605993,1570.1654788466396,47.92733279183709,39.323169,38.838016,9.267468,27.000328,27.161753,14.731636
2025-08-01,78.848843,313.098517,494.109997012,3.9708701496101853,6266.547208714273,1578.1294710252491,48.31521840435231,39.674614,39.174229,9.264646,27.178258,27.449898,14.956041
2025-09-01,79.166952,313.470324,496.66958279200003,3.959610873991966,6273.69843406375,1584.422973295552,48.476246927706455,39.850875,39.316077,9.22412,27.191145,27.560567,15.19112
2025-10-01,80.436532,321.25458,509.176292172,3.993888995612093,6330.162172730172,1584.9619705717505,49.219227565150234,40.550953,39.885579,9.355125,27.527161,28.030503,15.523743
2025-11-01,80.609866,321.627972,511.525401763,3.9899330933015076,6345.692247683429,1590.4257287764758,49.29081491561739,40.608031,40.001835,9.269373,27.539959,28.14877,15.651764
2025-12-01,81.248016,325.466271,518.55522155,4.0058365363653925,6382.373959137661,1593.2686971117816,49.64629678557462,40.944929,40.303087,9.216482,27.654759,28.468753,15.908022
2026-01-01,81.319333,327.229807,524.777602728,4.024009973126563,6453.29447953047,1603.6974367924863,49.65513335523013,41.014054,40.305279,9.272322,27.695314,28.479409,15.872288
2026-02-01,81.731916,332.189924,539.278063764,4.06438439544229,6598.133142553515,1623.402833145535,49.872165071397866,41.28292,40.448996,9.359189,27.914156,28.595395,15.863176
2026-03-01,82.832491,338.265194,557.33931667,4.083725962074471,6728.510877090488,1647.6401549903476,50.50837716885126,41.862658,40.969833,9.509027,28.262547,28.969028,16.091889
2026-04-01,83.389192,342.991975,568.246827535,4.1131466413537145,6814.394214720296,1656.7350519935633,50.812264989473974,42.145018,41.244174,9.572059,28.415348,29.184618,16.217167
2026-05-01,83.502846,344.16849,574.268388458,4.121637842140135,6877.231327636426,1668.567591582832,50.845920628947106,42.161828,41.341018,9.402522,28.38531,29.351936,16.363078
2026-06-01,83.737593,345.475932,579.517066502,4.125696949517047,6920.632009353315,1677.445555026392,50.953181995680055,42.287354,41.450239,9.44716,28.42104,29.447792,16.421601
2026-07-01,83.931918,348.310896,586.451721937,4.1499217973310225,6987.23126924134,1683.7019130661938,51.03568452940477,42.403304,41.528614,9.438497,28.445168,29.53223,16.516023
2026-08-01,,,,,,,,,,,,,
2026-09-01,,,,,,,,,,,,,
2026-10-01,,,,,,,,,,,,,
2026-11-01,,,,,,,,,,,,,
2026-12-01,,,,,,,,,,,,,
